DeploymentYear,total.spring,total.nov,total.dec,total.jan,total.feb,total.mar
ABMI-1022-NE_2015,78,0,0,0,7,31
ABMI-1022-NW_2015,78,0,0,0,7,31
ABMI-1022-SE_2015,78,0,0,0,7,31
ABMI-1022-SW_2015,78,0,0,0,7,31
ABMI-1023-NE_2015,78,0,0,0,3,31
ABMI-1023-NW_2015,78,0,0,0,3,31
ABMI-1023-SE_2015,78,0,0,0,3,31
ABMI-1023-SW_2015,78,0,0,0,3,31
ABMI-1024-NE_2015,78,0,0,0,4,31
ABMI-1024-NW_2015,78,0,0,0,4,31
ABMI-1024-SW_2015,78,0,0,0,4,31
ABMI-1025-NE_2017,78,0,0,0,12,31
ABMI-1025-NW_2017,78,0,0,0,13,31
ABMI-1025-SE_2017,78,0,0,0,13,31
ABMI-1025-SW_2017,78,0,0,0,12,31
ABMI-1026-NE_2017,78,0,0,0,12,31
ABMI-1026-NW_2017,78,0,0,0,12,31
ABMI-1026-SE_2017,78,0,0,0,12,31
ABMI-1026-SW_2017,78,0,0,0,12,31
ABMI-1027-NE_2017,78,0,0,0,11,31
ABMI-1027-NW_2017,0,0,0,0,4,0
ABMI-1027-NW-b_2017,78,0,0,0,8,31
ABMI-1027-SE_2017,78,0,0,0,11,31
ABMI-1027-SW_2017,78,0,0,0,11,31
ABMI-1028-NE_2018,78,0,0,9,28,31
ABMI-1028-NW_2018,78,0,0,9,28,31
ABMI-1028-SE_2018,78,0,0,9,28,31
ABMI-1028-SW_2018,36,0,0,9,28,31
ABMI-1056-NE_2015,78,0,0,0,6,31
ABMI-1056-NW_2015,60,0,0,0,6,31
ABMI-1056-SE_2015,78,0,0,0,6,31
ABMI-1056-SW_2015,78,0,0,0,6,31
ABMI-1057-NE_2015,78,0,0,0,3,31
ABMI-1057-NW_2015,78,0,0,0,3,31
ABMI-1057-SE_2015,78,0,0,0,3,31
ABMI-1057-SW_2015,78,0,0,0,3,31
ABMI-1058-NE_2015,78,0,0,0,4,31
ABMI-1058-NW_2015,78,0,0,0,4,31
ABMI-1058-SE_2015,78,0,0,0,4,31
ABMI-1058-SW_2015,78,0,0,0,4,31
ABMI-1059-NE_2017,78,0,0,0,11,31
ABMI-1059-NW_2017,78,0,0,0,11,31
ABMI-1059-SE_2017,78,0,0,0,11,31
ABMI-1059-SW_2017,0,0,0,0,11,8
ABMI-1060-NE_2017,78,0,0,0,10,31
ABMI-1060-NW_2017,78,0,0,0,10,31
ABMI-1060-SE_2017,78,0,0,0,10,31
ABMI-1060-SW_2017,78,0,0,0,10,31
ABMI-1061-NE_2017,78,0,0,0,10,31
ABMI-1061-NW_2017,3,0,0,0,10,31
ABMI-1061-SE_2017,78,0,0,0,9,31
ABMI-1061-SW_2017,78,0,0,0,9,31
ABMI-1062-NE_2018,78,0,0,10,28,31
ABMI-1062-NW_2018,37,0,0,10,28,31
ABMI-1062-SE_2018,27,0,0,9,28,31
ABMI-1062-SW_2018,78,0,0,10,28,31
ABMI-1086-NE_2017,78,0,0,0,0,24
ABMI-1086-NW_2017,78,0,0,0,0,24
ABMI-1086-SE_2017,78,0,0,0,0,24
ABMI-1086-SW_2017,78,0,0,0,0,24
ABMI-1088-NE_2017,78,0,0,0,0,13
ABMI-1088-NW_2017,78,0,0,0,0,13
ABMI-1088-SE_2017,78,0,0,0,0,13
ABMI-1088-SW_2017,78,0,0,0,0,13
ABMI-1119-NE_2017,78,0,0,0,0,12
ABMI-1119-NW_2017,78,0,0,0,0,12
ABMI-1119-SE_2017,78,0,0,0,0,12
ABMI-1119-SW_2017,78,0,0,0,0,14
ABMI-1120-NE_2017,78,0,0,0,0,13
ABMI-1120-NW_2017,78,0,0,0,0,13
ABMI-1120-SE_2017,78,0,0,0,0,12
ABMI-1120-SW_2017,78,0,0,0,0,12
ABMI-1121-NE_2017,78,0,0,0,0,1
ABMI-1121-NW_2017,78,0,0,0,0,1
ABMI-1121-SE_2017,78,0,0,0,0,1
ABMI-1121-SW_2017,78,0,0,0,0,1
ABMI-1150-NE_2015,52,0,0,0,0,0
ABMI-1150-NW_2015,52,0,0,0,0,0
ABMI-1150-SE_2015,52,0,0,0,0,0
ABMI-1150-SW_2015,52,0,0,0,0,0
ABMI-1151-NE_2017,78,0,0,0,0,25
ABMI-1151-NW_2017,78,0,0,0,0,25
ABMI-1151-SE_2017,78,0,0,0,0,24
ABMI-1152-NE_2017,78,0,0,0,0,14
ABMI-1152-NW_2017,78,0,0,0,0,14
ABMI-1152-SE_2017,78,0,0,0,0,14
ABMI-1152-SW_2017,78,0,0,0,0,14
ABMI-1153-NE_2017,78,0,0,0,0,15
ABMI-1153-NW_2017,78,0,0,0,0,15
ABMI-1153-SE_2017,78,0,0,0,0,14
ABMI-1153-SW_2017,78,0,0,0,0,15
ABMI-1166-NE_2018,78,30,31,31,28,31
ABMI-1166-NW_2018,78,30,31,31,28,31
ABMI-1166-SE_2018,78,30,31,31,28,31
ABMI-1166-SW_2018,78,30,31,31,28,31
ABMI-1167-NE_2018,78,30,31,31,28,31
ABMI-1167-NW_2018,78,30,31,31,28,31
ABMI-1167-SE_2018,78,30,31,31,28,31
ABMI-1167-SW_2018,78,30,31,31,28,31
ABMI-1178-NE_2017,78,0,0,13,28,31
ABMI-1178-NW_2017,78,0,0,14,28,31
ABMI-1178-SE_2017,78,0,0,13,28,31
ABMI-1178-SW_2017,78,0,0,14,28,31
ABMI-1179-NE_2017,78,0,0,13,28,31
ABMI-1179-NW_2017,78,0,0,13,28,31
ABMI-1179-SE_2017,78,0,0,13,28,31
ABMI-1179-SW_2017,78,0,0,13,28,31
ABMI-1180-NE_2017,78,0,0,11,28,31
ABMI-1180-NW_2017,78,0,0,11,28,31
ABMI-1180-SW_2017,78,0,0,11,28,31
ABMI-1181-NE_2018,78,0,0,0,27,31
ABMI-1181-NW_2018,78,0,0,0,26,31
ABMI-1181-SE_2018,78,0,0,0,27,31
ABMI-1181-SW_2018,78,0,0,0,26,31
ABMI-1182-NE_2018,78,0,0,1,28,31
ABMI-1182-NW_2018,78,0,0,1,28,31
ABMI-1182-SE_2018,78,0,0,2,28,31
ABMI-1182-SW_2018,61,0,0,2,28,31
ABMI-1183-NE_2018,78,0,0,0,28,31
ABMI-1183-NW_2018,78,0,0,0,28,31
ABMI-1183-SE_2018,74,0,0,0,28,31
ABMI-1183-SW_2018,74,0,0,0,28,31
ABMI-1190-NE_2015,78,0,0,0,11,31
ABMI-1190-NW_2015,78,0,0,0,11,31
ABMI-1190-SE_2015,78,0,0,0,11,31
ABMI-1190-SW_2015,78,0,0,0,11,31
ABMI-1191-NW_2015,78,0,0,0,13,31
ABMI-1191-SE_2015,78,0,0,0,13,31
ABMI-1191-SW_2015,78,0,0,0,13,31
ABMI-1192B-NE_2015,69,0,0,0,0,0
ABMI-1192B-NW_2015,69,0,0,0,0,0
ABMI-1192B-SE_2015,69,0,0,0,0,0
ABMI-1192B-SW_2015,69,0,0,0,0,0
ABMI-1193-NE_2017,78,0,0,15,28,31
ABMI-1193-NW_2017,78,0,0,15,28,31
ABMI-1193-SE_2017,78,0,0,15,28,31
ABMI-1193-SW_2017,78,0,0,15,28,31
ABMI-1194-NE_2017,78,0,0,15,28,31
ABMI-1194-NW_2017,78,0,0,14,28,31
ABMI-1194-SE_2017,78,0,0,15,28,31
ABMI-1194-SW_2017,54,0,0,14,28,31
ABMI-1198-NE_2018,0,28,31,16,0,0
ABMI-1198-NW_2018,78,28,31,31,28,31
ABMI-1198-SE_2018,78,28,31,31,28,31
ABMI-1199-NE_2018,78,30,31,31,28,31
ABMI-1199-NW_2018,78,30,31,31,28,31
ABMI-1199-SE_2018,78,30,31,31,28,31
ABMI-1199-SW_2018,78,30,31,31,28,31
ABMI-1200-NE_2018,78,0,0,0,0,24
ABMI-1200-NW_2018,78,0,0,0,0,24
ABMI-1200-SE_2018,78,0,0,0,0,24
ABMI-1200-SW_2018,78,0,0,0,0,23
ABMI-1210-NE_2017,78,0,0,15,28,31
ABMI-1210-NW_2017,78,0,0,15,28,31
ABMI-1210-SE_2017,78,0,0,15,28,31
ABMI-1210-SW_2017,78,0,0,15,28,31
ABMI-1211-NE_2017,78,0,0,14,28,31
ABMI-1211-NW_2017,78,0,0,14,28,31
ABMI-1211-SE_2017,65,0,0,14,28,31
ABMI-1211-SW_2017,78,0,0,14,28,31
ABMI-1212-NE_2017,78,0,0,11,28,31
ABMI-1212-NW_2017,78,0,0,11,28,31
ABMI-1212-SE_2017,78,0,0,11,28,31
ABMI-1212-SW_2017,78,0,0,11,28,31
ABMI-1213-NE_2018,78,0,0,0,26,31
ABMI-1213-NW_2018,40,0,0,0,26,31
ABMI-1213-SE_2018,78,0,0,0,26,31
ABMI-1213-SW_2018,78,0,0,0,26,31
ABMI-1214-NE_2018,78,0,0,0,25,31
ABMI-1214-NW_2018,78,0,0,0,25,31
ABMI-1214-SE_2018,78,0,0,0,25,31
ABMI-1214-SW_2018,78,0,0,0,25,31
ABMI-1215-NE_2018,78,0,0,0,28,31
ABMI-1215-NW_2018,78,0,0,0,27,31
ABMI-1215-SE_2018,78,0,0,0,27,31
ABMI-1215-SW_2018,78,0,0,0,27,31
ABMI-121-NE_2016,9,0,0,0,0,15
ABMI-121-NW_2016,78,0,0,0,0,15
ABMI-121-SE_2016,78,0,0,0,0,15
ABMI-121-SW_2016,78,0,0,0,0,15
ABMI-1222-NE_2015,78,0,0,0,8,31
ABMI-1222-NW_2015,78,0,0,0,8,31
ABMI-1222-SE_2015,78,0,0,0,12,31
ABMI-1222-SW_2015,78,0,0,0,12,31
ABMI-1223-NE_2015,78,0,0,0,12,31
ABMI-1223-NW_2015,78,0,0,0,12,31
ABMI-1223-SE_2015,7,0,0,0,12,31
ABMI-1223-SW_2015,78,0,0,0,12,31
ABMI-1224-NE_2015,78,0,0,0,10,31
ABMI-1224-NW_2015,78,0,0,0,10,31
ABMI-1224-SE_2015,78,0,0,0,10,31
ABMI-1224-SW_2015,78,0,0,0,10,31
ABMI-1225-NE_2017,78,0,0,14,28,31
ABMI-1225-NW_2017,78,0,0,14,28,31
ABMI-1225-SE_2017,78,0,0,14,28,31
ABMI-1225-SW_2017,78,0,0,14,28,31
ABMI-1226-NE_2017,0,0,0,13,28,15
ABMI-1226-NW_2017,78,0,0,11,28,31
ABMI-1226-SE_2017,0,0,0,11,16,0
ABMI-1226-SW_2017,78,0,0,11,28,31
ABMI-1228-NE_2018,78,28,31,31,28,31
ABMI-1228-NW_2018,71,28,31,31,28,31
ABMI-1228-SE_2018,78,28,31,31,28,31
ABMI-1228-SW_2018,52,28,31,31,28,31
ABMI-1229-NE_2018,78,30,31,31,28,31
ABMI-1229-NW_2018,78,30,31,31,28,31
ABMI-1229-SE_2018,78,30,31,31,28,31
ABMI-1229-SW_2018,78,30,31,31,28,31
ABMI-122-NE_2016,78,0,0,0,0,15
ABMI-122-NW_2016,78,0,0,0,0,15
ABMI-122-SE_2016,78,0,0,0,0,15
ABMI-122-SW_2016,78,0,0,0,0,15
ABMI-1230-NE_2018,78,30,31,31,28,31
ABMI-1230-NW_2018,78,30,31,31,28,31
ABMI-1230-SE_2018,78,30,31,31,28,31
ABMI-1230-SW_2018,78,30,31,31,28,31
ABMI-1240-NE_2017,78,0,0,10,28,31
ABMI-1240-NW_2017,78,0,0,10,28,31
ABMI-1240-SE_2017,78,0,0,10,28,31
ABMI-1240-SW_2017,78,0,0,10,28,31
ABMI-1241-NE_2017,78,0,0,12,28,31
ABMI-1241-NW_2017,78,0,0,12,28,31
ABMI-1241-SE_2017,78,0,0,12,28,31
ABMI-1241-SW_2017,78,0,0,12,28,31
ABMI-1242-NE_2017,78,0,0,12,28,31
ABMI-1242-NW_2017,78,0,0,12,28,31
ABMI-1242-SE_2017,46,0,0,12,28,31
ABMI-1242-SE-b_2017,33,0,0,0,0,0
ABMI-1242-SW_2017,78,0,0,12,28,31
ABMI-1243-NE_2018,78,0,0,0,16,31
ABMI-1243-NW_2018,78,0,0,0,21,31
ABMI-1243-SE_2018,78,0,0,0,21,31
ABMI-1243-SW_2018,27,0,0,0,21,31
ABMI-1244-NE_2018,78,0,0,0,22,31
ABMI-1244-NW_2018,78,0,0,0,21,31
ABMI-1244-SE_2018,78,0,0,0,22,31
ABMI-1244-SW_2018,78,0,0,0,21,31
ABMI-1245-NE_2018,58,0,0,1,28,31
ABMI-1245-NW_2018,78,0,0,1,28,31
ABMI-1245-SE_2018,78,0,0,1,28,31
ABMI-1245-SW_2018,78,0,0,1,28,31
ABMI-1252-NE_2015,78,0,0,0,8,31
ABMI-1252-NW_2015,78,0,0,0,9,31
ABMI-1252-SE_2015,78,0,0,0,8,31
ABMI-1252-SW_2015,78,0,0,0,8,31
ABMI-1253-NE_2015,78,0,0,0,10,31
ABMI-1253-NW_2015,78,0,0,0,10,31
ABMI-1253-SE_2015,78,0,0,0,10,31
ABMI-1253-SW_2015,78,0,0,0,10,31
ABMI-1254-NE_2015,78,0,0,0,9,31
ABMI-1254-NW_2015,78,0,0,0,9,31
ABMI-1254-SW_2015,78,0,0,0,9,31
ABMI-1255-NE_2017,78,0,0,13,28,31
ABMI-1255-NW_2017,78,0,0,13,28,31
ABMI-1255-SE_2017,78,0,0,13,28,31
ABMI-1255-SW_2017,78,0,0,13,28,31
ABMI-1256-NE_2017,78,0,0,12,28,31
ABMI-1256-NW_2017,78,0,0,12,28,31
ABMI-1256-SE_2017,78,0,0,12,28,31
ABMI-1256-SW_2017,78,0,0,12,28,31
ABMI-1263-NE_2017,78,2,31,31,28,31
ABMI-1263-NW_2017,78,2,31,31,28,31
ABMI-1263-SE_2017,78,2,31,31,28,31
ABMI-1263-SW_2017,78,2,31,31,28,31
ABMI-1264-NE_2017,78,1,31,31,28,31
ABMI-1264-NW_2017,78,1,31,31,28,31
ABMI-1264-SE_2017,78,1,31,31,28,31
ABMI-1264-SW_2017,78,1,31,31,28,31
ABMI-1265-NE_2017,78,0,31,31,28,31
ABMI-1265-NW_2017,78,0,31,31,28,31
ABMI-1265-SE_2017,78,0,31,31,28,31
ABMI-1265-SW_2017,64,0,31,31,28,31
ABMI-1266-NE_2018,78,0,0,9,28,31
ABMI-1266-NW_2018,78,0,0,9,28,31
ABMI-1266-SE_2018,78,0,0,9,28,31
ABMI-1266-SW_2018,78,0,0,9,28,31
ABMI-1267-NE_2018,78,0,0,8,28,31
ABMI-1267-NW_2018,78,0,0,8,28,31
ABMI-1267-SE_2018,78,0,0,8,28,31
ABMI-1267-SW_2018,78,0,0,8,28,31
ABMI-1268-NE_2018,78,0,0,7,28,31
ABMI-1268-NW_2018,78,0,0,7,28,31
ABMI-1268-SE_2018,78,0,0,7,28,31
ABMI-1268-SW_2018,78,0,0,7,28,31
ABMI-1275-NE_2015,78,0,0,0,0,25
ABMI-1275-NW_2015,78,0,0,0,0,26
ABMI-1275-SE_2015,78,0,0,0,0,25
ABMI-1275-SW_2015,67,0,0,0,0,26
ABMI-1276-NE_2015,78,0,0,0,0,27
ABMI-1276-NW_2015,78,0,0,0,0,27
ABMI-1276-NW-b_2015,42,0,0,0,0,0
ABMI-1276-SE_2015,78,0,0,0,0,27
ABMI-1276-SW_2015,78,0,0,0,0,27
ABMI-1277-NE_2015,78,0,0,0,0,28
ABMI-1277-NW_2015,78,0,0,0,0,28
ABMI-1277-SE_2015,78,0,0,0,0,28
ABMI-1277-SW_2015,78,0,0,0,0,28
ABMI-1278-NE_2017,78,0,0,15,28,31
ABMI-1278-NW_2017,78,0,0,15,28,31
ABMI-1278-SE_2017,78,0,0,15,28,31
ABMI-1278-SW_2017,78,0,0,15,28,31
ABMI-1279-NE_2017,78,0,0,16,28,31
ABMI-1279-NW_2017,62,0,0,16,28,31
ABMI-1279-SE_2017,78,0,0,16,28,31
ABMI-1279-SW_2017,78,0,0,16,28,31
ABMI-1280-NE_2017,78,0,0,12,28,31
ABMI-1280-NW_2017,78,0,0,12,28,31
ABMI-1280-SE_2017,78,0,0,12,28,31
ABMI-1280-SW_2017,78,0,0,12,28,31
ABMI-1281-NE_2018,78,0,0,0,22,31
ABMI-1281-SW_2018,78,0,0,0,22,31
ABMI-1282-NE_2018,78,0,0,6,28,31
ABMI-1282-SW_2018,19,0,0,6,28,31
ABMI-1283-NE_2018,78,0,0,0,23,31
ABMI-1283-SW_2018,78,0,0,0,23,31
ABMI-1284-NE_2016,78,0,0,0,2,31
ABMI-1284-NW_2016,78,0,0,0,2,31
ABMI-1284-SE_2016,78,0,0,0,2,31
ABMI-1284-SW_2016,78,0,0,0,2,31
ABMI-1285-NE_2016,78,0,0,0,5,31
ABMI-1285-NW_2016,78,0,0,0,5,31
ABMI-1285-SE_2016,78,0,0,0,8,31
ABMI-1285-SW_2016,78,0,0,0,4,31
ABMI-1291-NW_2017,78,2,31,31,28,31
ABMI-1292-NE_2017,78,0,0,9,28,31
ABMI-1292-NW_2017,78,0,0,9,28,31
ABMI-1292-SE_2017,78,0,0,9,28,31
ABMI-1292-SW_2017,78,0,0,9,28,31
ABMI-1293-NE_2017,78,1,31,31,28,31
ABMI-1293-NW_2017,78,1,31,31,28,31
ABMI-1293-SE_2017,78,1,31,31,28,31
ABMI-1293-SW_2017,78,1,31,31,28,31
ABMI-1294-NE_2018,78,0,0,6,28,31
ABMI-1294-NW_2018,78,0,0,6,28,31
ABMI-1294-SE_2018,78,0,0,6,28,31
ABMI-1294-SW_2018,78,0,0,6,28,31
ABMI-1295-NE_2018,78,0,0,5,28,31
ABMI-1295-NW_2018,78,0,0,5,28,31
ABMI-1295-SE_2018,78,0,0,5,28,31
ABMI-1295-SW_2018,78,0,0,5,28,31
ABMI-1296-NE_2018,78,0,0,6,28,31
ABMI-1296-NW_2018,78,0,0,6,28,31
ABMI-1296-SE_2018,78,0,0,6,28,31
ABMI-1296-SW_2018,78,0,0,6,28,31
ABMI-1303-NE_2015,78,0,0,0,0,26
ABMI-1303-NW_2015,78,0,0,0,0,26
ABMI-1303-SE_2015,78,0,0,0,0,26
ABMI-1303-SW_2015,78,0,0,0,0,26
ABMI-1304-NE_2015,78,0,0,0,0,28
ABMI-1304-NW_2015,78,0,0,0,0,28
ABMI-1304-SE_2015,78,0,0,0,0,28
ABMI-1304-SW_2015,78,0,0,0,0,28
ABMI-1305-NE_2015,59,0,0,0,0,29
ABMI-1305-NE-b_2015,20,0,0,0,0,0
ABMI-1305-NW_2015,78,0,0,0,0,29
ABMI-1305-SE_2015,78,0,0,0,0,29
ABMI-1305-SW_2015,78,0,0,0,0,29
ABMI-1306-NE_2017,78,0,0,15,28,31
ABMI-1306-NW_2017,78,0,0,15,28,31
ABMI-1306-SE_2017,52,0,0,15,28,31
ABMI-1306-SW_2017,78,0,0,15,28,31
ABMI-1307-NE_2017,78,0,0,14,28,31
ABMI-1307-NW_2017,78,0,0,14,28,31
ABMI-1307-SE_2017,78,0,0,14,28,31
ABMI-1307-SW_2017,78,0,0,14,28,31
ABMI-1308-NE_2017,78,0,0,0,0,18
ABMI-1308-NW_2017,78,0,0,0,0,18
ABMI-1308-SE_2017,78,0,0,0,0,18
ABMI-1308-SW_2017,78,0,0,0,0,18
ABMI-1309-NE_2018,78,0,14,31,28,31
ABMI-1309-SW_2018,78,0,0,23,28,31
ABMI-1310-NE_2018,78,0,0,6,28,31
ABMI-1310-SW_2018,78,0,0,6,28,31
ABMI-1311-NE_2018,78,0,0,5,28,31
ABMI-1311-SW_2018,78,0,0,5,28,31
ABMI-1312-NE_2016,56,0,0,0,2,31
ABMI-1312-NW_2016,55,0,0,0,8,31
ABMI-1312-SE_2016,2,0,0,0,8,31
ABMI-1312-SW_2016,0,0,0,0,9,8
ABMI-1313-NE_2016,78,0,0,0,3,31
ABMI-1313-NW_2016,38,0,0,0,3,31
ABMI-1313-SE_2016,78,0,0,0,0,31
ABMI-1313-SW_2016,78,0,0,0,0,31
ABMI-1314-NE_2016,0,0,0,0,1,0
ABMI-1314-NW_2016,33,0,0,0,4,31
ABMI-1314-SE_2016,78,0,0,0,4,31
ABMI-1314-SW_2016,12,0,0,0,4,31
ABMI-1320-NE_2018,78,30,31,31,28,31
ABMI-1320-NW_2018,78,30,31,31,28,31
ABMI-1320-SE_2018,78,30,31,31,28,31
ABMI-1321-NE_2017,78,0,30,31,28,31
ABMI-1321-NW_2017,78,0,30,31,28,31
ABMI-1321-SE_2017,78,0,30,31,28,31
ABMI-1321-SW_2017,78,0,30,31,28,31
ABMI-1322-NE_2017,78,2,31,31,28,31
ABMI-1322-NW_2017,78,2,31,31,28,31
ABMI-1322-SE_2017,78,2,31,31,28,31
ABMI-1322-SW_2017,78,2,31,31,28,31
ABMI-1323-NE_2018,78,0,0,4,28,31
ABMI-1323-NW_2018,78,0,0,4,28,31
ABMI-1323-SE_2018,78,0,0,4,28,31
ABMI-1323-SW_2018,78,0,0,4,28,31
ABMI-1324-NE_2018,78,0,0,3,28,31
ABMI-1324-NW_2018,78,0,0,3,28,31
ABMI-1324-SE_2018,78,0,0,3,28,31
ABMI-1324-SW_2018,78,0,0,3,28,31
ABMI-1325-NE_2018,78,0,0,2,28,31
ABMI-1325-NW_2018,0,0,0,2,28,0
ABMI-1325-SE_2018,78,0,0,2,28,31
ABMI-1325-SW_2018,78,0,0,2,28,31
ABMI-1332-NE_2015,5,0,0,0,0,26
ABMI-1332-NW_2015,78,0,0,0,0,26
ABMI-1332-SE_2015,78,0,0,0,0,26
ABMI-1332-SW_2015,78,0,0,0,0,26
ABMI-1333-NE_2015,78,0,0,0,0,29
ABMI-1333-NW_2015,78,0,0,0,0,29
ABMI-1333-SE_2015,78,0,0,0,0,29
ABMI-1333-SW_2015,78,0,0,0,0,29
ABMI-1334-NE_2015,78,0,0,0,0,27
ABMI-1334-NW_2015,78,0,0,0,0,27
ABMI-1334-SE_2015,78,0,0,0,0,27
ABMI-1334-SW_2015,40,0,0,0,0,27
ABMI-1335-NE_2017,78,0,0,14,28,31
ABMI-1335-NW_2017,78,0,0,14,28,31
ABMI-1335-SE_2017,78,0,0,14,28,31
ABMI-1335-SW_2017,78,0,0,14,28,31
ABMI-1336-NE_2017,78,0,0,13,28,31
ABMI-1336-NW_2017,78,0,0,13,28,31
ABMI-1336-SE_2017,5,0,0,13,28,31
ABMI-1336-SW_2017,78,0,0,13,28,31
ABMI-1337-NE_2017,78,0,0,12,28,31
ABMI-1337-NW_2017,78,0,0,12,28,31
ABMI-1337-SE_2017,78,0,0,12,28,31
ABMI-1337-SW_2017,78,0,0,12,28,31
ABMI-1338-NE_2018,78,0,0,22,28,31
ABMI-1338-SW_2018,78,0,0,22,28,31
ABMI-1339-NE_2018,78,0,0,12,28,31
ABMI-1339-SW_2018,78,0,0,12,28,31
ABMI-1340-NE_2018,78,0,0,22,28,31
ABMI-1340-SW_2018,78,0,0,22,28,31
ABMI-1341-NE_2016,78,0,0,0,1,31
ABMI-1341-NW_2016,78,0,0,0,0,31
ABMI-1341-SE_2016,78,0,0,0,0,31
ABMI-1341-SW_2016,78,0,0,0,0,31
ABMI-1342-NE_2016,78,0,0,0,3,31
ABMI-1342-NW_2016,78,0,0,0,3,31
ABMI-1342-SE_2016,78,0,0,0,3,31
ABMI-1342-SW_2016,78,0,0,0,3,31
ABMI-1343-NE_2016,78,0,0,0,1,31
ABMI-1343-NW_2016,78,0,0,0,1,31
ABMI-1343-SE_2016,78,0,0,0,1,31
ABMI-1343-SW_2016,78,0,0,0,1,31
ABMI-1346-NE_2018,78,30,31,31,28,31
ABMI-1346-NW_2018,78,30,31,31,28,31
ABMI-1346-SE_2018,78,30,31,31,28,31
ABMI-1346-SW_2018,78,30,31,31,28,31
ABMI-1356-NE_2017,78,0,0,0,0,29
ABMI-1356-NW_2017,78,0,0,0,0,29
ABMI-1356-SE_2017,78,0,0,0,0,29
ABMI-1356-SW_2017,78,0,0,0,0,29
ABMI-1357-NE_2017,78,0,0,0,0,2
ABMI-1357-NW_2017,78,0,0,0,0,29
ABMI-1357-SE_2017,78,0,0,0,0,2
ABMI-1357-SW_2017,78,0,0,0,0,28
ABMI-1358-NE_2017,78,0,0,0,0,27
ABMI-1358-NW_2017,78,0,0,0,0,27
ABMI-1358-SE_2017,78,0,0,0,0,27
ABMI-1358-SW_2017,78,0,0,0,0,27
ABMI-1360-NE_2018,78,0,0,21,28,31
ABMI-1360-SW_2018,78,0,0,21,28,31
ABMI-1361-NE_2018,78,0,12,31,28,31
ABMI-1361-SW_2018,78,0,12,31,28,31
ABMI-1362-NE_2016,78,0,0,0,0,10
ABMI-1362-NW_2016,78,0,0,0,0,27
ABMI-1362-SE_2016,78,0,0,0,0,10
ABMI-1362-SW_2016,78,0,0,0,0,27
ABMI-1363-NE_2016,78,0,0,0,0,28
ABMI-1363-NW_2016,78,0,0,0,0,28
ABMI-1363-SE_2016,78,0,0,0,0,28
ABMI-1363-SW_2016,78,0,0,0,0,28
ABMI-1364-NE_2016,78,0,0,0,0,30
ABMI-1364-NW_2016,78,0,0,0,0,30
ABMI-1364-SE_2016,78,0,0,0,0,30
ABMI-1364-SW_2016,13,0,0,0,0,30
ABMI-1368-NE_2015,78,0,0,0,0,14
ABMI-1368-NW_2015,78,0,0,0,0,14
ABMI-1368-SE_2015,78,0,0,0,0,14
ABMI-1368-SW_2015,78,0,0,0,0,14
ABMI-1369-NE_2015,41,0,0,0,0,15
ABMI-1369-NW_2015,78,0,0,0,0,15
ABMI-1369-SE_2015,78,0,0,0,0,15
ABMI-1369-SW_2015,78,0,0,0,0,15
ABMI-1381-NE_2017,78,0,0,0,1,31
ABMI-1381-NW_2017,78,0,0,0,1,31
ABMI-1381-SE_2017,78,0,0,0,0,31
ABMI-1381-SW_2017,78,0,0,0,0,31
ABMI-1382-NE_2017,78,0,0,0,0,31
ABMI-1382-NW_2017,78,0,0,0,0,31
ABMI-1382-SE_2017,0,0,0,0,0,27
ABMI-1382-SW_2017,78,0,0,0,0,31
ABMI-1383-NE_2017,37,0,0,0,0,30
ABMI-1383-NW_2017,78,0,0,0,0,30
ABMI-1383-SE_2017,78,0,0,0,0,30
ABMI-1383-SW_2017,78,0,0,0,0,30
ABMI-1384-NE_2018,78,0,12,31,28,31
ABMI-1384-SW_2018,78,0,12,31,28,31
ABMI-1385-NE_2018,78,0,0,20,28,31
ABMI-1385-SW_2018,78,0,0,21,28,31
ABMI-1387-NE_2016,78,0,0,0,0,7
ABMI-1387-NW_2016,78,0,0,0,0,7
ABMI-1387-SE_2016,78,0,0,0,0,6
ABMI-1387-SW_2016,78,0,0,0,0,6
ABMI-1388B-NE_2016,78,0,0,0,0,28
ABMI-1388B-NW_2016,78,0,0,0,0,28
ABMI-1388B-SE_2016,78,0,0,0,0,29
ABMI-1388B-SW_2016,78,0,0,0,0,29
ABMI-1389-NE_2016,78,0,0,0,0,29
ABMI-1389-NW_2016,78,0,0,0,0,29
ABMI-1389-SE_2016,78,0,0,0,0,29
ABMI-1389-SW_2016,78,0,0,0,0,29
ABMI-1393-NE_2015,78,0,0,0,0,13
ABMI-1393-NW_2015,78,0,0,0,0,13
ABMI-1393-SE_2015,78,0,0,0,0,13
ABMI-1394-NE_2015,75,0,0,0,0,17
ABMI-1394-NW_2015,78,0,0,0,0,17
ABMI-1394-SE_2015,78,0,0,0,0,17
ABMI-1394-SW_2015,78,0,0,0,0,17
ABMI-1395-NE_2015,78,0,0,0,0,16
ABMI-1395-NW_2015,78,0,0,0,0,16
ABMI-1395-SE_2015,78,0,0,0,0,16
ABMI-1395-SW_2015,78,0,0,0,0,16
ABMI-13-NE_2015,78,0,0,0,0,21
ABMI-13-NW_2015,78,0,0,0,0,21
ABMI-13-SE_2015,78,0,0,0,0,21
ABMI-13-SW_2015,78,0,0,0,0,21
ABMI-1405B-NE_2017,78,0,0,0,0,2
ABMI-1405B-NW_2017,78,0,0,0,0,2
ABMI-1405B-SE_2017,78,0,0,0,0,2
ABMI-1405B-SW_2017,78,0,0,0,0,2
ABMI-1406-NW_2017,78,0,0,0,0,28
ABMI-1406-SW_2017,5,0,0,0,0,28
ABMI-1407-NE_2017,78,0,0,0,0,11
ABMI-1407-NW_2017,78,0,0,0,0,11
ABMI-1407-SE_2017,78,0,0,0,0,11
ABMI-1407-SW_2017,78,0,0,0,0,11
ABMI-1408-NE_2018,78,0,0,20,28,31
ABMI-1408-SW_2018,78,0,0,20,28,31
ABMI-1409-NE_2018,78,0,0,20,28,31
ABMI-1409-SW_2018,78,0,0,20,28,31
ABMI-1410-NE_2018,31,0,12,31,28,31
ABMI-1410-SW_2018,78,0,12,31,28,31
ABMI-1411-NE_2016,34,0,0,0,0,8
ABMI-1411-NE-b_2016,45,0,0,0,0,0
ABMI-1411-NW_2016,34,0,0,0,0,7
ABMI-1411-NW-b_2016,45,0,0,0,0,0
ABMI-1411-SE_2016,34,0,0,0,0,8
ABMI-1411-SE-b_2016,45,0,0,0,0,0
ABMI-1411-SW_2016,34,0,0,0,0,7
ABMI-1411-SW-b_2016,45,0,0,0,0,0
ABMI-1412-NE_2016,35,0,0,0,0,9
ABMI-1412-NW_2016,62,0,0,0,0,9
ABMI-1412-SE_2016,59,0,0,0,0,9
ABMI-1412-SW_2016,56,0,0,0,0,9
ABMI-1413-NE_2016,68,0,0,0,0,8
ABMI-1413-NW_2016,72,0,0,0,0,8
ABMI-1413-SE_2016,78,0,0,0,0,8
ABMI-1413-SW_2016,78,0,0,0,0,8
ABMI-1417-NE_2015,78,0,0,0,0,17
ABMI-1417-NW_2015,78,0,0,0,0,17
ABMI-1417-SE_2015,78,0,0,0,0,17
ABMI-1417-SW_2015,78,0,0,0,0,17
ABMI-1418-NE_2015,78,0,0,0,0,15
ABMI-1418-NW_2015,78,0,0,0,0,15
ABMI-1418-SE_2015,78,0,0,0,0,15
ABMI-1418-SW_2015,78,0,0,0,0,15
ABMI-1419-NE_2015,78,0,0,0,0,15
ABMI-1419-NE-b_2015,78,0,0,0,0,1
ABMI-1419-NW_2015,78,0,0,0,0,16
ABMI-1419-NW-b_2015,78,0,0,0,0,1
ABMI-1419-SE_2015,78,0,0,0,0,15
ABMI-1419-SW_2015,78,0,0,0,0,16
ABMI-1420-NE_2017,78,0,0,10,28,31
ABMI-1420-NW_2017,78,0,0,10,28,31
ABMI-1420-SE_2017,78,0,0,10,28,31
ABMI-1420-SW_2017,78,0,0,10,28,31
ABMI-1422-NW_2018,0,21,0,0,0,0
ABMI-1422-SE_2018,44,30,31,31,28,31
ABMI-1422-SW_2018,0,30,31,31,28,9
ABMI-1423-NE_2018,78,30,31,31,28,31
ABMI-1423-SE_2018,78,30,31,31,28,31
ABMI-1423-SW_2018,78,30,31,31,28,31
ABMI-1424-NE_2017,78,0,0,0,1,31
ABMI-1424-NW_2017,78,0,0,0,1,31
ABMI-1424-SE_2017,78,0,0,0,1,31
ABMI-1424-SW_2017,78,0,0,0,1,31
ABMI-1425-NE_2017,78,0,0,0,0,27
ABMI-1425-NW_2017,78,0,0,0,0,27
ABMI-1425-SE_2017,78,0,0,0,0,27
ABMI-1425-SW_2017,78,0,0,0,0,27
ABMI-1426-NE_2017,78,0,0,0,0,25
ABMI-1426-NW_2017,78,0,0,0,0,26
ABMI-1426-SE_2017,78,0,0,0,0,25
ABMI-1426-SW_2017,78,0,0,0,0,25
ABMI-1427-NE_2017,78,0,0,0,0,28
ABMI-1427-NW_2017,78,0,0,0,0,28
ABMI-1427-SE_2017,78,0,0,0,0,28
ABMI-1427-SW_2017,78,0,0,0,0,28
ABMI-1428-NE_2016,78,0,0,0,0,31
ABMI-1428-NW_2016,78,0,0,0,0,30
ABMI-1428-SE_2016,78,0,0,0,0,30
ABMI-1428-SW_2016,78,0,0,0,0,30
ABMI-1429-NE_2016,78,0,0,0,0,31
ABMI-1429-NW_2016,78,0,0,0,0,31
ABMI-1429-SE_2016,28,0,0,0,0,31
ABMI-1429-SW_2016,78,0,0,0,0,31
ABMI-1430-NE_2016,78,0,0,0,0,31
ABMI-1430-NW_2016,78,0,0,0,1,31
ABMI-1430-SE_2016,78,0,0,0,0,31
ABMI-1430-SW_2016,78,0,0,0,1,31
ABMI-1431-NE_2018,78,0,0,0,24,31
ABMI-1431-SW_2018,78,0,0,0,24,31
ABMI-1432-NE_2018,78,0,0,9,28,31
ABMI-1432-SW_2018,78,0,0,9,28,31
ABMI-1433-NE_2018,78,0,0,0,24,31
ABMI-1433-SW_2018,78,0,0,0,24,31
ABMI-1434-NE_2015,78,0,0,0,0,29
ABMI-1434-NW_2015,78,0,0,0,0,29
ABMI-1434-SE_2015,78,0,0,0,0,29
ABMI-1434-SW_2015,78,0,0,0,0,29
ABMI-1435-NE_2015,78,0,0,0,0,28
ABMI-1435-NW_2015,78,0,0,0,0,29
ABMI-1435-SE_2015,78,0,0,0,0,29
ABMI-1435-SW_2015,78,0,0,0,0,29
ABMI-1436-NE_2015,78,0,0,0,0,28
ABMI-1436-NW_2015,78,0,0,0,0,28
ABMI-1436-SE_2015,78,0,0,0,0,28
ABMI-1436-SW_2015,78,0,0,0,0,28
ABMI-1437-NE_2017,78,0,0,0,28,31
ABMI-1437-NW_2017,78,0,0,1,28,31
ABMI-1437-SE_2017,78,0,0,0,28,31
ABMI-1437-SW_2017,78,0,0,1,28,31
ABMI-1438-NE_2017,78,0,0,0,26,31
ABMI-1438-NW_2017,78,0,0,0,26,31
ABMI-1438-SE_2017,78,0,0,0,26,31
ABMI-1438-SW_2017,78,0,0,0,26,31
ABMI-1439-NE_2017,78,0,0,0,0,15
ABMI-1439-NW_2017,62,0,0,0,0,15
ABMI-1440-NE_2018,78,0,0,0,9,31
ABMI-1440-SW_2018,78,0,0,0,9,31
ABMI-1441-NE_2018,78,0,0,0,8,31
ABMI-1441-SW_2018,78,0,0,0,8,31
ABMI-1442-NE_2018,78,0,0,0,7,31
ABMI-1442-SW_2018,78,0,0,0,7,31
ABMI-1443-NE_2016,78,0,0,0,9,31
ABMI-1443-NW_2016,78,0,0,0,9,31
ABMI-1443-SE_2016,38,0,0,0,9,31
ABMI-1443-SW_2016,78,0,0,0,9,31
ABMI-1444-NE_2018,0,30,31,31,28,14
ABMI-1444-NW_2018,78,30,31,31,28,31
ABMI-1444-SE_2018,0,30,31,11,0,0
ABMI-1444-SW_2018,0,30,31,31,6,0
ABMI-1445-NE_2018,0,18,0,0,0,0
ABMI-1445-NW_2018,78,30,31,31,28,31
ABMI-1445-SW_2018,78,30,31,31,28,31
ABMI-1446-NE_2018,78,30,31,31,28,31
ABMI-1446-NW_2018,0,21,0,0,0,0
ABMI-1446-SE_2018,78,30,31,31,28,31
ABMI-1446-SW_2018,71,30,31,31,28,31
ABMI-1447-NE_2017,78,0,19,31,28,31
ABMI-1447-NW_2017,78,0,19,31,28,31
ABMI-1447-SE_2017,78,0,19,31,28,31
ABMI-1448-NE_2017,78,0,0,0,0,30
ABMI-1448-NW_2017,78,0,0,0,0,30
ABMI-1448-SE_2017,78,0,0,0,0,30
ABMI-1448-SW_2017,78,0,0,0,0,30
ABMI-1449-NE_2018,78,0,0,0,0,28
ABMI-1449-NW_2018,78,0,0,0,0,28
ABMI-1449-SE_2018,78,0,0,0,0,28
ABMI-1450-NE_2016,70,0,0,0,0,30
ABMI-1450-NW_2016,78,0,0,0,0,30
ABMI-1450-SE_2016,78,0,0,0,0,29
ABMI-1450-SW_2016,78,0,0,0,0,30
ABMI-1451-NE_2016,78,0,0,0,0,29
ABMI-1451-NW_2016,78,0,0,0,0,29
ABMI-1451-SE_2016,78,0,0,0,0,29
ABMI-1451-SW_2016,78,0,0,0,0,29
ABMI-1452B-NE_2016,78,0,0,0,0,11
ABMI-1452B-NW_2016,78,0,0,0,0,11
ABMI-1452B-SE_2016,78,0,0,0,0,11
ABMI-1452B-SW_2016,78,0,0,0,0,11
ABMI-1453-NE_2018,0,0,0,0,4,0
ABMI-1453-SW_2018,78,0,0,0,23,31
ABMI-1454-NE_2018,78,0,0,0,0,6
ABMI-1454-SW_2018,78,0,0,0,0,6
ABMI-1456-NE_2015,78,0,0,0,0,27
ABMI-1457-NE_2015,78,0,0,0,0,26
ABMI-1457-NW_2015,78,0,0,0,0,26
ABMI-1457-SE_2015,78,0,0,0,0,26
ABMI-1457-SW_2015,78,0,0,0,0,26
ABMI-1458-NE_2015,78,0,0,0,0,25
ABMI-1458-NW_2015,78,0,0,0,0,25
ABMI-1458-SE_2015,78,0,0,0,0,25
ABMI-1458-SW_2015,78,0,0,0,0,25
ABMI-1459-NE_2017,78,0,0,1,28,31
ABMI-1459-NW_2017,78,0,0,1,28,31
ABMI-1459-SE_2017,78,0,0,1,28,31
ABMI-1459-SW_2017,78,0,0,1,28,31
ABMI-1460-NE_2017,78,0,0,0,0,14
ABMI-1460-NW_2017,78,0,0,0,0,14
ABMI-1460-SE_2017,78,0,0,0,0,14
ABMI-1460-SW_2017,78,0,0,0,0,14
ABMI-1461-NE_2017,0,0,0,0,27,2
ABMI-1461-NW_2017,0,0,0,0,17,0
ABMI-1461-SE_2017,78,0,0,0,27,31
ABMI-1461-SW_2017,78,0,0,0,27,31
ABMI-1462-NE_2018,78,0,0,0,6,31
ABMI-1462-SW_2018,78,0,0,0,6,31
ABMI-1463-NE_2018,78,0,0,0,4,31
ABMI-1463-SW_2018,78,0,0,0,4,31
ABMI-1464-NE_2018,78,0,0,0,5,31
ABMI-1464-SW_2018,78,0,0,0,5,31
ABMI-1465-NE_2016,78,0,0,0,11,31
ABMI-1465-NW_2016,54,0,0,0,11,31
ABMI-1465-SE_2016,78,0,0,0,10,31
ABMI-1465-SW_2016,78,0,0,0,11,31
ABMI-1466-NE_2017,78,0,0,0,0,31
ABMI-1466-NW_2017,78,0,0,0,0,31
ABMI-1466-SE_2017,78,0,0,0,0,31
ABMI-1466-SW_2017,78,0,0,0,0,31
ABMI-1467-NE_2017,0,0,0,0,0,22
ABMI-1467-NW_2017,78,0,0,0,0,31
ABMI-1467-SE_2017,78,0,0,0,0,31
ABMI-1467-SW_2017,78,0,0,0,0,31
ABMI-1468-NE_2018,78,30,31,31,28,31
ABMI-1468-NW_2018,78,30,31,31,28,31
ABMI-1468-SE_2018,0,18,0,0,0,0
ABMI-1468-SW_2018,0,24,0,0,0,0
ABMI-1469-NE_2018,0,0,0,0,0,17
ABMI-1469-NW_2018,42,0,0,0,0,25
ABMI-1469-SE_2018,78,0,0,0,0,25
ABMI-1470-NE_2017,78,0,0,0,0,26
ABMI-1470-NW_2017,15,0,0,0,0,26
ABMI-1470-SE_2017,78,0,0,0,0,26
ABMI-1470-SW_2017,78,0,0,0,0,26
ABMI-1471-NE_2016,78,0,0,0,0,28
ABMI-1471-NW_2016,78,0,0,0,0,28
ABMI-1471-SE_2016,78,0,0,0,0,28
ABMI-1471-SW_2016,78,0,0,0,0,28
ABMI-1472-NE_2016,2,0,0,0,0,28
ABMI-1472-SE_2016,44,0,0,0,0,28
ABMI-1472-SW_2016,78,0,0,0,0,28
ABMI-1473-NE_2016,78,0,0,0,0,27
ABMI-1473-NW_2016,78,0,0,0,0,27
ABMI-1473-SE_2016,78,0,0,0,0,27
ABMI-1473-SW_2016,78,0,0,0,0,27
ABMI-1474-NE_2018,78,0,0,0,0,5
ABMI-1474-SW_2018,78,0,0,0,0,5
ABMI-1475-NE_2018,78,0,0,0,0,5
ABMI-1475-SW_2018,78,0,0,0,0,5
ABMI-1477-NE_2015,78,0,0,0,0,27
ABMI-1477-NW_2015,78,0,0,0,0,27
ABMI-1477-SE_2015,78,0,0,0,0,27
ABMI-1477-SW_2015,78,0,0,0,0,27
ABMI-1478-NE_2015,78,0,0,0,0,26
ABMI-1478-NW_2015,78,0,0,0,0,26
ABMI-1478-SE_2015,78,0,0,0,0,26
ABMI-1478-SW_2015,78,0,0,0,0,26
ABMI-1479-NE_2015,61,0,0,0,0,30
ABMI-1479-NW_2015,78,0,0,0,0,30
ABMI-1479-NW-b_2015,1,0,0,0,0,0
ABMI-1479-SE_2015,78,0,0,0,0,30
ABMI-1479-SW_2015,19,0,0,0,0,30
ABMI-1480-NE_2017,78,0,0,0,28,31
ABMI-1480-NW_2017,7,0,0,0,28,31
ABMI-1480-SE_2017,78,0,0,0,28,31
ABMI-1480-SW_2017,78,0,0,0,28,31
ABMI-1481-NE_2017,78,0,0,0,0,16
ABMI-1481-NW_2017,78,0,0,0,0,16
ABMI-1481-SE_2017,78,0,0,0,0,16
ABMI-1481-SW_2017,78,0,0,0,0,16
ABMI-1482-NE_2017,78,0,0,0,26,31
ABMI-1482-NW_2017,78,0,0,0,26,31
ABMI-1482-SE_2017,78,0,0,0,26,31
ABMI-1482-SW_2017,78,0,0,0,26,31
ABMI-1486-NE_2016,78,0,0,0,10,31
ABMI-1486-NW_2016,51,0,0,0,10,31
ABMI-1486-SE_2016,78,0,0,0,10,31
ABMI-1486-SW_2016,59,0,0,0,10,31
ABMI-1491-NE_2015,78,0,0,0,0,26
ABMI-1491-NW_2015,78,0,0,0,0,26
ABMI-1491-SE_2015,78,0,0,0,0,26
ABMI-1491-SW_2015,78,0,0,0,0,26
ABMI-1492-NE_2015,78,0,0,0,0,25
ABMI-1492-NW_2015,78,0,0,0,0,25
ABMI-1492-SE_2015,78,0,0,0,0,25
ABMI-1492-SW_2015,78,0,0,0,0,25
ABMI-1493B-NE_2015,78,0,0,0,0,24
ABMI-1493B-NW_2015,78,0,0,0,0,24
ABMI-1493B-SE_2015,78,0,0,0,0,24
ABMI-1493B-SW_2015,78,0,0,0,0,24
ABMI-1494-NE_2017,78,0,0,13,28,31
ABMI-1494-NW_2017,78,0,17,31,28,31
ABMI-1494-SE_2017,78,0,0,13,28,31
ABMI-1494-SW_2017,78,0,0,13,28,31
ABMI-1495B-NE_2017,78,0,0,0,0,17
ABMI-1495B-NW_2017,78,0,0,0,0,17
ABMI-1495B-SE_2017,78,0,0,0,0,17
ABMI-1495B-SW_2017,78,0,0,0,0,17
ABMI-1496-NE_2017,78,0,0,14,28,31
ABMI-1496-NW_2017,78,0,0,14,28,31
ABMI-1496-SE_2017,78,0,0,14,28,31
ABMI-1496-SW_2017,28,0,0,0,0,0
ABMI-1497-NE_2018,78,0,0,0,15,31
ABMI-1497-SW_2018,78,0,0,0,15,31
ABMI-1498-NE_2018,78,0,0,19,28,31
ABMI-1498-SW_2018,78,0,0,19,28,31
ABMI-1499-NE_2018,78,0,0,7,28,31
ABMI-1499-SW_2018,20,0,0,7,28,31
ABMI-14-NE_2015,78,0,0,0,0,19
ABMI-14-NW_2015,78,0,0,0,0,19
ABMI-14-SE_2015,78,0,0,0,0,19
ABMI-14-SW_2015,78,0,0,0,0,19
ABMI-1500-NE_2016,78,0,0,0,12,31
ABMI-1500-NW_2016,78,0,0,0,11,31
ABMI-1500-SE_2016,78,0,0,0,13,31
ABMI-1500-SW_2016,78,0,0,0,12,31
ABMI-1501-NE_2016,78,0,0,0,12,31
ABMI-1501-SE_2016,64,0,0,0,12,31
ABMI-1502-NE_2016,23,0,0,0,15,31
ABMI-1502-NW_2016,78,0,0,0,15,31
ABMI-1502-SE_2016,78,0,0,0,15,31
ABMI-1502-SW_2016,78,0,0,0,15,31
ABMI-1506-NE_2015,78,0,0,0,0,16
ABMI-1506-NW_2015,78,0,0,0,0,16
ABMI-1506-SE_2015,78,0,0,0,0,16
ABMI-1506-SW_2015,78,0,0,0,0,16
ABMI-1510-NE_2015,78,0,0,0,0,27
ABMI-1510-NW_2015,78,0,0,0,0,27
ABMI-1510-SE_2015,78,0,0,0,0,27
ABMI-1510-SW_2015,78,0,0,0,0,27
ABMI-1511-NE_2015,78,0,0,0,0,27
ABMI-1511-NW_2015,78,0,0,0,0,27
ABMI-1511-SE_2015,78,0,0,0,0,27
ABMI-1511-SW_2015,78,0,0,0,0,27
ABMI-1512-NE_2015,78,0,0,0,0,28
ABMI-1512-NW_2015,78,0,0,0,0,28
ABMI-1512-SE_2015,78,0,0,0,0,28
ABMI-1512-SW_2015,78,0,0,0,0,28
ABMI-1513-NE_2017,78,0,0,12,28,31
ABMI-1513-NW_2017,45,0,0,12,28,31
ABMI-1513-NW-b_2017,34,0,0,0,0,0
ABMI-1513-SE_2017,78,0,0,12,28,31
ABMI-1513-SW_2017,78,0,0,12,28,31
ABMI-1514-NE_2017,78,0,0,16,28,31
ABMI-1514-NW_2017,78,0,0,16,28,31
ABMI-1514-SE_2017,78,0,0,16,28,31
ABMI-1514-SW_2017,0,0,0,0,0,0
ABMI-1515-NE_2017,75,0,0,14,28,31
ABMI-1515-NW_2017,78,0,0,14,28,31
ABMI-1515-SE_2017,78,0,0,14,28,31
ABMI-1515-SW_2017,78,0,0,14,28,31
ABMI-1516-NE_2018,78,0,0,13,28,31
ABMI-1516-SW_2018,78,0,0,13,28,31
ABMI-1517-NE_2018,78,0,0,7,28,31
ABMI-1517-SW_2018,78,0,0,7,28,31
ABMI-1519-NE_2016,78,0,0,0,13,31
ABMI-1519-NW_2016,78,0,0,0,17,31
ABMI-1519-SE_2016,78,0,0,0,13,31
ABMI-1519-SW_2016,78,0,0,0,17,31
ABMI-1520-NE_2016,78,0,0,0,14,31
ABMI-1520-NW_2016,78,0,0,0,14,31
ABMI-1520-SE_2016,78,0,0,0,14,31
ABMI-1520-SW_2016,78,0,0,0,14,31
ABMI-1521-NE_2016,78,0,0,0,16,31
ABMI-1521-NW_2016,78,0,0,0,16,31
ABMI-1521-SE_2016,78,0,0,0,15,31
ABMI-1521-SW_2016,78,0,0,0,15,31
ABMI-1525B-NE_2015,78,0,0,0,0,15
ABMI-1525B-NW_2015,78,0,0,0,0,15
ABMI-1525B-SE_2015,78,0,0,0,0,15
ABMI-1525B-SW_2015,78,0,0,0,0,15
ABMI-1526-NE_2015,78,0,0,0,0,16
ABMI-1526-NW_2015,78,0,0,0,0,16
ABMI-1526-SE_2015,78,0,0,0,0,16
ABMI-1526-SW_2015,78,0,0,0,0,16
ABMI-1529-NE_2015,78,0,0,0,0,30
ABMI-1529-NW_2015,78,0,0,0,0,30
ABMI-1529-SE_2015,78,0,0,0,0,30
ABMI-1529-SW_2015,78,0,0,0,0,30
ABMI-1530-NE_2015,78,0,0,0,0,29
ABMI-1530-NW_2015,78,0,0,0,0,29
ABMI-1530-SE_2015,78,0,0,0,0,29
ABMI-1530-SW_2015,78,0,0,0,0,29
ABMI-1531-NE_2015,78,0,0,0,0,28
ABMI-1531-NW_2015,78,0,0,0,0,28
ABMI-1531-SE_2015,78,0,0,0,0,28
ABMI-1531-SW_2015,78,0,0,0,0,28
ABMI-1532-NE_2017,78,0,0,13,28,31
ABMI-1532-NW_2017,78,0,0,13,28,31
ABMI-1532-SE_2017,78,0,0,13,28,31
ABMI-1532-SW_2017,78,0,0,13,28,31
ABMI-1533-NE_2017,78,0,0,15,28,31
ABMI-1533-NW_2017,78,0,0,15,28,31
ABMI-1533-SE_2017,78,0,0,15,28,31
ABMI-1533-SW_2017,78,0,0,15,28,31
ABMI-1534-NE_2017,78,0,0,15,28,31
ABMI-1534-NW_2017,78,0,0,15,28,31
ABMI-1534-SE_2017,78,0,0,15,28,31
ABMI-1534-SW_2017,78,0,0,15,28,31
ABMI-1535-NE_2018,78,0,0,13,28,31
ABMI-1535-SW_2018,78,0,0,13,28,31
ABMI-1536-NE_2018,78,0,0,0,15,31
ABMI-1536-SW_2018,78,0,0,0,15,31
ABMI-1537-NE_2018,78,0,0,16,28,31
ABMI-1537-SW_2018,78,0,0,16,28,31
ABMI-1538-NE_2016,78,0,0,0,13,31
ABMI-1538-NW_2016,0,0,0,0,13,10
ABMI-1538-SE_2016,78,0,0,0,13,31
ABMI-1538-SW_2016,72,0,0,0,13,31
ABMI-1539-NE_2016,78,0,0,0,14,31
ABMI-1539-NW_2016,78,0,0,0,14,31
ABMI-1539-SE_2016,78,0,0,0,14,31
ABMI-1539-SW_2016,78,0,0,0,14,31
ABMI-1540-NE_2016,78,0,0,0,16,31
ABMI-1540-NW_2016,78,0,0,0,16,31
ABMI-1540-SE_2016,78,0,0,0,17,31
ABMI-1540-SW_2016,78,0,0,0,16,31
ABMI-1544-NE_2015,78,0,0,0,0,15
ABMI-1544-NW_2015,78,0,0,0,0,13
ABMI-1544-SE_2015,65,0,0,0,0,13
ABMI-1544-SW_2015,78,0,0,0,0,15
ABMI-1545-NE_2015,78,0,0,0,0,14
ABMI-1545-NW_2015,78,0,0,0,0,14
ABMI-1545-SE_2015,78,0,0,0,0,14
ABMI-1545-SW_2015,78,0,0,0,0,14
ABMI-1546-NE_2017,0,0,7,0,0,0
ABMI-1546-NW_2017,78,0,19,31,28,31
ABMI-1546-SE_2017,78,0,19,31,28,31
ABMI-1546-SW_2017,78,0,19,31,28,31
ABMI-1547-NW_2018,78,0,0,0,0,29
ABMI-1547-SW_2018,78,0,0,0,0,29
ABMI-154-NE_2017,78,0,0,0,25,31
ABMI-154-NW_2017,78,0,0,0,25,31
ABMI-154-SE_2017,78,0,0,0,25,31
ABMI-154-SW_2017,78,0,0,0,25,31
ABMI-1550-NE_2016,78,0,0,0,8,31
ABMI-1550-NW_2016,78,0,0,0,8,31
ABMI-1550-SE_2016,78,0,0,0,8,31
ABMI-1550-SW_2016,78,0,0,0,8,31
ABMI-1551-NE_2016,78,0,0,0,9,31
ABMI-1551-NW_2016,78,0,0,0,9,31
ABMI-1551-SE_2016,78,0,0,0,9,31
ABMI-1551-SW_2016,78,0,0,0,9,31
ABMI-1552-NE_2016,78,0,0,0,8,31
ABMI-1552-NW_2016,0,0,0,0,8,5
ABMI-1552-SE_2016,78,0,0,0,8,31
ABMI-1552-SW_2016,78,0,0,0,8,31
ABMI-1556-NE_2015,47,0,0,0,13,31
ABMI-1556-NW_2015,78,0,0,0,13,31
ABMI-1556-SE_2015,78,0,0,0,13,31
ABMI-1556-SW_2015,78,0,0,0,13,31
ABMI-1557-NE_2015,78,0,0,0,13,31
ABMI-1557-NW_2015,78,0,0,0,12,31
ABMI-1557-SE_2015,78,0,0,0,13,31
ABMI-1557-SW_2015,78,0,0,0,12,31
ABMI-1558-NE_2015,78,0,0,0,12,31
ABMI-1558-NW_2015,78,0,0,0,12,31
ABMI-1558-SE_2015,78,0,0,0,12,31
ABMI-1558-SW_2015,78,0,0,0,12,31
ABMI-1559-NE_2017,78,0,0,0,15,31
ABMI-1559-NW_2017,78,0,0,0,15,31
ABMI-1559-SE_2017,78,0,0,0,15,31
ABMI-1559-SW_2017,78,0,0,0,15,31
ABMI-1560-NE_2017,78,0,0,0,15,31
ABMI-1560-NW_2017,78,0,0,0,15,31
ABMI-1560-SE_2017,78,0,0,0,15,31
ABMI-1560-SW_2017,78,0,0,0,15,31
ABMI-1562-NE_2018,78,0,0,0,9,31
ABMI-1562-SW_2018,78,0,0,0,9,31
ABMI-1564-NE_2018,78,30,31,31,28,31
ABMI-1564-NW_2018,78,30,31,31,28,31
ABMI-1564-SE_2018,78,30,31,31,28,31
ABMI-1564-SW_2018,78,30,31,31,28,31
ABMI-1565-NE_2018,78,0,0,0,0,27
ABMI-1565-NW_2018,78,0,0,0,0,27
ABMI-1565-SE_2018,78,0,0,0,0,27
ABMI-1565-SW_2018,78,0,0,0,0,27
ABMI-1566-NE_2018,78,0,0,0,0,26
ABMI-1566-NW_2018,78,0,0,0,0,26
ABMI-1566-SE_2018,78,0,0,0,0,26
ABMI-1566-SW_2018,78,0,0,0,0,26
ABMI-1567-NE_2016,78,0,0,0,11,31
ABMI-1567-NW_2016,78,0,0,0,11,31
ABMI-1567-SE_2016,78,0,0,0,11,31
ABMI-1567-SW_2016,78,0,0,0,11,31
ABMI-1568-NE_2016,78,0,0,0,9,31
ABMI-1568-NW_2016,78,0,0,0,9,31
ABMI-1568-SE_2016,78,0,0,0,11,31
ABMI-1568-SW_2016,78,0,0,0,11,31
ABMI-1569-NE_2016,78,0,0,0,12,31
ABMI-1569-NW_2016,19,0,0,0,12,31
ABMI-1569-SE_2016,78,0,0,0,12,31
ABMI-1569-SW_2016,78,0,0,0,12,31
ABMI-1573-NE_2015,78,0,0,0,10,31
ABMI-1573-NW_2015,78,0,0,0,10,31
ABMI-1573-SE_2015,78,0,0,0,10,31
ABMI-1573-SW_2015,78,0,0,0,10,31
ABMI-1574-NE_2015,78,0,0,0,11,31
ABMI-1574-NW_2015,78,0,0,0,11,31
ABMI-1574-SE_2015,78,0,0,0,11,31
ABMI-1574-SW_2015,78,0,0,0,11,31
ABMI-1575-NE_2015,78,0,0,0,11,31
ABMI-1575-NW_2015,78,0,0,0,10,31
ABMI-1575-SE_2015,78,0,0,0,11,31
ABMI-1575-SW_2015,78,0,0,0,10,31
ABMI-1576-NE_2017,78,0,0,0,14,31
ABMI-1576-NW_2017,78,0,0,0,14,31
ABMI-1576-SE_2017,78,0,0,0,14,31
ABMI-1576-SW_2017,78,0,0,0,14,31
ABMI-1577B-NE_2017,78,0,0,0,12,31
ABMI-1577B-NW_2017,78,0,0,0,12,31
ABMI-1577B-SE_2017,78,0,0,0,12,31
ABMI-1577B-SW_2017,24,0,0,0,12,31
ABMI-1578-NE_2017,78,0,0,0,14,31
ABMI-1578-NW_2017,78,0,0,0,14,31
ABMI-1578-SE_2017,78,0,0,0,14,31
ABMI-1578-SW_2017,78,0,0,0,14,31
ABMI-1579-NE_2017,78,0,0,0,0,17
ABMI-1579-NE_2018,78,0,0,0,0,17
ABMI-1579-NW_2017,78,0,0,0,0,17
ABMI-1579-SE_2017,0,0,0,0,0,14
ABMI-1579-SW_2017,78,0,0,0,0,17
ABMI-1579-SW_2018,78,0,0,0,0,17
ABMI-1580-NE_2018,78,0,0,0,9,31
ABMI-1580-SW_2018,78,0,0,0,9,31
ABMI-1581-NE_2018,78,30,31,31,28,31
ABMI-1581-NW_2018,78,30,31,31,28,31
ABMI-1581-SE_2018,78,30,31,31,28,31
ABMI-1581-SW_2018,78,30,31,31,28,31
ABMI-1584-NE_2016,78,0,0,0,10,31
ABMI-1584-NW_2016,53,0,0,0,10,31
ABMI-1584-SE_2016,78,0,0,0,10,31
ABMI-1584-SW_2016,78,0,0,0,10,31
ABMI-1585-NE_2016,78,0,0,0,13,31
ABMI-1585-NW_2016,78,0,0,0,13,31
ABMI-1585-SE_2016,78,0,0,0,13,31
ABMI-1585-SW_2016,78,0,0,0,13,31
ABMI-1586-NE_2016,78,0,0,0,13,31
ABMI-1586-NW_2016,78,0,0,0,13,31
ABMI-1586-SE_2016,78,0,0,0,12,31
ABMI-1586-SW_2016,78,0,0,0,13,31
ABMI-1590-NE_2015,12,0,0,0,8,31
ABMI-1590-NW_2015,78,0,0,0,9,31
ABMI-1590-SE_2015,78,0,0,0,8,31
ABMI-1590-SW_2015,67,0,0,0,9,31
ABMI-1591-NE_2015,78,0,0,0,9,31
ABMI-1591-NW_2015,78,0,0,0,9,31
ABMI-1591-SE_2015,78,0,0,0,9,31
ABMI-1591-SW_2015,78,0,0,0,9,31
ABMI-1592-NE_2015,78,0,0,0,8,31
ABMI-1592-NW_2015,78,0,0,0,8,31
ABMI-1592-SW_2015,68,0,0,0,8,31
ABMI-1593-NE_2017,78,0,0,0,13,31
ABMI-1593-NW_2017,78,0,0,0,13,31
ABMI-1593-SE_2017,78,0,0,0,13,31
ABMI-1593-SW_2017,78,0,0,0,13,31
ABMI-1594-NE_2017,78,0,0,0,13,31
ABMI-1594-NW_2017,78,0,0,0,13,31
ABMI-1594-SE_2017,78,0,0,0,13,31
ABMI-1594-SW_2017,78,0,0,0,13,31
ABMI-1595-NE_2016,78,0,0,0,0,26
ABMI-1595-NW_2016,78,0,0,0,0,26
ABMI-1595-SE_2016,56,0,0,0,0,26
ABMI-1595-SW_2016,78,0,0,0,0,26
ABMI-1596-NE_2018,78,0,0,0,7,31
ABMI-1596-NW_2018,76,0,0,0,7,31
ABMI-1596-SE_2018,78,0,0,0,7,31
ABMI-1596-SW_2018,52,0,0,0,7,31
ABMI-1597-NE_2017,78,0,0,0,11,31
ABMI-1597-NE_2018,78,0,0,0,11,31
ABMI-1597-NW_2017,78,0,0,0,11,31
ABMI-1597-SE_2017,78,0,0,0,11,31
ABMI-1597-SW_2017,78,0,0,0,11,31
ABMI-1597-SW_2018,78,0,0,0,11,31
ABMI-1598-NE_2018,78,0,0,0,5,31
ABMI-1598-NW_2018,73,0,0,0,5,31
ABMI-1598-SE_2018,78,0,0,0,5,31
ABMI-1598-SW_2018,74,0,0,0,5,31
ABMI-15-NE_2015,78,0,0,0,0,20
ABMI-15-NW_2015,76,0,0,0,0,20
ABMI-15-SE_2015,78,0,0,0,0,20
ABMI-15-SW_2015,78,0,0,0,0,20
ABMI-1601-NE_2015,64,0,0,0,0,16
ABMI-1601-NW_2015,78,0,0,0,0,16
ABMI-1601-SE_2015,78,0,0,0,0,16
ABMI-1601-SW_2015,78,0,0,0,0,16
ABMI-1602-NE_2015,78,0,0,0,0,16
ABMI-1602-NW_2015,78,0,0,0,0,16
ABMI-1602-SE_2015,78,0,0,0,0,16
ABMI-1602-SW_2015,78,0,0,0,0,16
ABMI-1603-NE_2015,78,0,0,0,0,14
ABMI-1603-NW_2015,78,0,0,0,0,14
ABMI-1603-SE_2015,78,0,0,0,0,14
ABMI-1603-SW_2015,78,0,0,0,0,14
ABMI-1604-NE_2017,78,0,0,0,26,31
ABMI-1604-NW_2017,78,0,0,0,26,31
ABMI-1604-SE_2017,78,0,0,0,26,31
ABMI-1604-SW_2017,0,0,0,0,13,0
ABMI-1605-NE_2017,78,0,0,0,28,31
ABMI-1605-NW_2017,45,0,0,0,28,31
ABMI-1605-SE_2017,78,0,0,0,24,31
ABMI-1605-SW_2017,67,0,0,0,28,31
ABMI-1606-NE_2017,71,0,0,0,24,31
ABMI-1606-NW_2017,78,0,0,0,24,31
ABMI-1606-SE_2017,78,0,0,0,24,31
ABMI-1606-SW_2017,78,0,0,0,24,31
ABMI-1607-NE_2018,69,0,0,0,14,31
ABMI-1607-SW_2018,59,0,0,0,14,31
ABMI-1608-NE_2018,78,0,0,15,28,31
ABMI-1608-SW_2018,78,0,0,15,28,31
ABMI-1609-SW_2018,78,0,0,14,28,31
ABMI-1610-NE_2016,78,0,0,0,0,30
ABMI-1610-NW_2016,78,0,0,0,0,30
ABMI-1610-SE_2016,78,0,0,0,0,30
ABMI-1610-SW_2016,78,0,0,0,0,30
ABMI-1611-NE_2016,78,0,0,0,0,30
ABMI-1611-NW_2016,78,0,0,0,0,30
ABMI-1611-SE_2016,78,0,0,0,0,30
ABMI-1611-SW_2016,78,0,0,0,0,30
ABMI-1612B-NE_2016,78,0,0,0,0,28
ABMI-1612B-NW_2016,78,0,0,0,0,28
ABMI-1612B-SE_2016,78,0,0,0,0,28
ABMI-1612B-SW_2016,0,0,0,0,0,2
ABMI-1618-NE_2015,78,0,0,0,0,12
ABMI-1618-NW_2015,78,0,0,0,0,12
ABMI-1618-SE_2015,78,0,0,0,0,12
ABMI-1618-SW_2015,78,0,0,0,0,12
ABMI-1620-NE_2015,78,0,0,0,0,14
ABMI-1620-NW_2015,78,0,0,0,0,14
ABMI-1620-SE_2015,78,0,0,0,0,14
ABMI-1620-SW_2015,78,0,0,0,0,14
ABMI-1621-NE_2017,78,0,0,0,27,31
ABMI-1621-NW_2017,78,0,0,0,27,31
ABMI-1621-SE_2017,78,0,0,0,27,31
ABMI-1621-SW_2017,78,0,0,0,27,31
ABMI-1622-NE_2017,78,0,0,0,25,31
ABMI-1622-NW_2017,78,0,0,0,25,31
ABMI-1622-SE_2017,78,0,0,0,25,31
ABMI-1622-SW_2017,78,0,0,0,25,31
ABMI-1623-NE_2017,78,0,0,0,26,31
ABMI-1623-NW_2017,78,0,0,0,26,31
ABMI-1623-SE_2017,78,0,0,0,26,31
ABMI-1623-SW_2017,78,0,0,0,26,31
ABMI-1624-NE_2018,78,0,0,15,28,31
ABMI-1624-SW_2018,62,0,0,15,28,31
ABMI-1625-NE_2018,78,0,0,15,28,31
ABMI-1625-SW_2018,78,0,0,15,28,31
ABMI-1626-NE_2018,78,0,0,14,28,31
ABMI-1626-SW_2018,78,0,0,8,28,31
ABMI-1627B-NE_2016,78,0,0,0,0,29
ABMI-1627B-NW_2016,48,0,0,0,0,29
ABMI-1627B-SE_2016,78,0,0,0,0,29
ABMI-1627B-SW_2016,62,0,0,0,0,30
ABMI-1628-NE_2016,78,0,0,0,0,29
ABMI-1628-NW_2016,78,0,0,0,0,29
ABMI-1628-SE_2016,78,0,0,0,0,29
ABMI-1628-SW_2016,78,0,0,0,0,29
ABMI-1629-NE_2016,78,0,0,0,0,28
ABMI-1629-NW_2016,78,0,0,0,0,28
ABMI-1629-SE_2016,78,0,0,0,0,28
ABMI-1629-SW_2016,78,0,0,0,0,28
ABMI-1635-NE_2015,78,0,0,0,0,15
ABMI-1635-NW_2015,78,0,0,0,0,15
ABMI-1635-SE_2015,65,0,0,0,0,15
ABMI-1635-SW_2015,78,0,0,0,0,15
ABMI-1636-NE_2015,78,0,0,0,0,15
ABMI-1636-NW_2015,78,0,0,0,0,15
ABMI-1636-SE_2015,78,0,0,0,0,15
ABMI-1636-SW_2015,56,0,0,0,0,15
ABMI-1637-NE_2015,78,0,0,0,0,13
ABMI-1637-NW_2015,78,0,0,0,0,13
ABMI-1637-SE_2015,78,0,0,0,0,13
ABMI-1637-SW_2015,78,0,0,0,0,13
ABMI-1638-NE_2017,78,0,0,1,28,31
ABMI-1638-NW_2017,78,0,0,1,28,31
ABMI-1638-SE_2017,60,0,0,1,28,31
ABMI-1639-NE_2017,34,0,0,1,28,31
ABMI-1639-NW_2017,39,0,0,0,28,31
ABMI-1639-SE_2017,78,0,0,0,28,31
ABMI-1639-SW_2017,78,0,0,0,28,31
ABMI-1640-NE_2017,78,0,0,0,0,18
ABMI-1640-NW_2017,78,0,0,0,0,18
ABMI-1640-SE_2017,78,0,0,0,0,18
ABMI-1640-SW_2017,78,0,0,0,0,18
ABMI-1641-NE_2018,78,0,0,0,16,31
ABMI-1642-NE_2018,0,0,0,8,4,0
ABMI-1642-SW_2018,78,0,0,8,28,31
ABMI-1643-NE_2018,78,0,0,8,28,31
ABMI-1643-SW_2018,78,0,0,8,28,31
ABMI-1644-NE_2016,62,0,0,0,0,27
ABMI-1644-NW_2016,61,0,0,0,0,27
ABMI-1644-SE_2016,78,0,0,0,0,27
ABMI-1644-SW_2016,78,0,0,0,0,27
ABMI-1645-NE_2016,78,0,0,0,0,27
ABMI-1645-NW_2016,78,0,0,0,0,27
ABMI-1645-SE_2016,78,0,0,0,0,27
ABMI-1645-SW_2016,56,0,0,0,0,27
ABMI-1647-NE_2017,78,0,0,0,0,12
ABMI-1647-NW_2017,78,0,0,0,0,12
ABMI-1647-SE_2017,78,0,0,0,0,12
ABMI-1647-SW_2017,78,0,0,0,0,12
ABMI-1648-NE_2018,78,30,31,31,28,31
ABMI-1648-NW_2018,78,30,31,31,28,31
ABMI-1648-SE_2018,0,30,16,0,0,0
ABMI-1649-NE_2018,78,30,31,31,28,31
ABMI-1649-NW_2018,78,30,31,31,28,31
ABMI-1649-SE_2018,78,30,31,31,28,31
ABMI-1649-SW_2018,78,30,31,31,28,31
ABMI-1650-NE_2018,62,30,31,31,28,31
ABMI-1650-NW_2018,48,30,31,31,28,31
ABMI-1650-SE_2018,78,30,31,31,28,31
ABMI-1650-SW_2018,78,30,31,31,28,31
ABMI-1651-NE_2016,78,0,0,0,0,28
ABMI-1651-NW_2016,78,0,0,0,0,28
ABMI-1651-SE_2016,78,0,0,0,0,28
ABMI-1651-SW_2016,78,0,0,0,0,28
ABMI-1652-NE_2016,78,0,0,0,0,27
ABMI-1652-NW_2016,78,0,0,0,0,27
ABMI-1652-SE_2016,0,0,0,0,0,17
ABMI-1652-SW_2016,30,0,0,0,0,28
ABMI-1653-NE_2016,78,0,0,0,0,26
ABMI-1653-NW_2016,78,0,0,0,0,26
ABMI-1653-SE_2016,78,0,0,0,0,26
ABMI-1653-SW_2016,78,0,0,0,0,26
ABMI-1656-SE_2018,78,30,31,31,28,31
ABMI-1656-SW_2018,78,30,31,31,28,31
ABMI-16-NE_2017,78,0,0,0,27,31
ABMI-16-NW_2017,78,0,0,0,27,31
ABMI-16-SE_2017,78,0,0,0,27,31
ABMI-16-SW_2017,78,0,0,0,27,31
ABMI-17-NE_2017,78,0,0,0,27,31
ABMI-17-NW_2017,78,0,0,0,27,31
ABMI-17-SE_2017,78,0,0,0,27,31
ABMI-17-SW_2017,78,0,0,0,27,31
ABMI-181-NE_2017,78,0,0,0,24,31
ABMI-181-NW_2017,39,0,0,0,24,31
ABMI-181-SE_2017,78,0,0,0,24,31
ABMI-181-SW_2017,69,0,0,0,24,31
ABMI-182-NE_2017,78,0,0,0,22,31
ABMI-182-NW_2017,78,0,0,0,22,31
ABMI-182-SE_2017,78,0,0,0,23,31
ABMI-182-SW_2017,78,0,0,0,23,31
ABMI-183-NE_2017,78,0,0,0,25,31
ABMI-183-NW_2017,78,0,0,0,25,31
ABMI-183-SE_2017,78,0,0,0,25,31
ABMI-183-SW_2017,78,0,0,0,26,31
ABMI-187-NE_2018,67,0,0,0,0,0
ABMI-187-NW_2018,67,0,0,0,0,0
ABMI-187-SE_2018,67,0,0,0,0,0
ABMI-187-SW_2018,67,0,0,0,0,0
ABMI-18-NE_2017,78,0,0,0,28,31
ABMI-18-NW_2017,78,0,0,0,28,31
ABMI-18-SE_2017,78,0,0,0,28,31
ABMI-18-SW_2017,41,0,0,0,28,31
ABMI-19-NE_2018,78,3,31,31,28,31
ABMI-19-SW_2018,78,3,31,31,28,31
ABMI-1-NE_2015,78,0,0,0,0,20
ABMI-1-NW_2015,78,0,0,0,0,20
ABMI-1-SE_2015,78,0,0,0,0,20
ABMI-1-SW_2015,78,0,0,0,0,20
ABMI-210-NE_2017,78,0,0,0,24,31
ABMI-210-NW_2017,37,0,0,0,24,31
ABMI-210-SE_2017,78,0,0,0,24,31
ABMI-210-SW_2017,78,0,0,0,24,31
ABMI-211-NE_2017,78,0,0,0,23,31
ABMI-211-NW_2017,78,0,0,0,23,31
ABMI-211-SE_2017,78,0,0,0,23,31
ABMI-211-SW_2017,78,0,0,0,24,31
ABMI-212-NE_2017,78,0,0,0,25,31
ABMI-212-NW_2017,78,0,0,0,25,31
ABMI-212-SE_2017,78,0,0,0,25,31
ABMI-212-SW_2017,78,0,0,0,25,31
ABMI-213-NE_2018,78,1,31,31,28,31
ABMI-213-SW_2018,78,1,31,31,28,31
ABMI-234-NE_2016,78,30,31,31,28,31
ABMI-234-NW_2016,78,30,31,31,28,31
ABMI-234-SE_2015,78,0,0,0,1,31
ABMI-234-SE_2016,78,30,31,31,28,31
ABMI-234-SW_2016,78,30,31,31,28,31
ABMI-235-NE_2015,78,0,0,0,3,31
ABMI-235-NE_2016,78,30,31,31,28,31
ABMI-235-NW_2015,78,0,0,0,3,31
ABMI-235-NW_2016,78,30,31,31,28,31
ABMI-235-SE_2015,78,0,0,0,3,31
ABMI-235-SE_2016,78,30,31,31,28,31
ABMI-235-SW_2015,78,0,0,0,3,31
ABMI-235-SW_2016,78,30,31,31,28,31
ABMI-236-NE_2015,78,0,0,0,3,31
ABMI-236-NE_2016,78,30,31,31,28,31
ABMI-236-NW_2015,78,0,0,0,3,31
ABMI-236-NW_2016,78,30,31,31,28,31
ABMI-236-SE_2015,78,0,0,0,3,31
ABMI-236-SE_2016,78,30,31,31,28,31
ABMI-236-SW_2015,78,0,0,0,3,31
ABMI-236-SW_2016,78,30,31,31,28,31
ABMI-238-NE_2018,78,1,31,31,28,31
ABMI-238-SW_2018,78,1,31,31,28,31
ABMI-239-NE_2018,78,1,31,31,28,31
ABMI-239-SW_2018,78,1,31,31,28,31
ABMI-240-NE_2016,78,0,0,0,0,9
ABMI-240-NW_2016,76,0,0,0,0,9
ABMI-240-SE_2016,78,0,0,0,0,9
ABMI-240-SW_2016,78,0,0,0,0,9
ABMI-241-NE_2016,78,0,0,0,0,10
ABMI-241-NW_2016,78,0,0,0,0,10
ABMI-241-SE_2016,78,0,0,0,0,10
ABMI-241-SW_2016,78,0,0,0,0,10
ABMI-242-NE_2016,78,0,0,0,0,11
ABMI-242-NW_2016,78,0,0,0,0,11
ABMI-242-SE_2016,78,0,0,0,0,11
ABMI-242-SW_2016,78,0,0,0,0,11
ABMI-264-NE_2015,78,0,0,0,1,31
ABMI-264-NE_2016,78,30,31,31,28,31
ABMI-264-NW_2015,78,0,0,0,1,31
ABMI-264-NW_2016,78,30,31,31,28,31
ABMI-264-SE_2015,78,0,0,0,1,31
ABMI-264-SE_2016,78,30,31,31,28,31
ABMI-264-SW_2015,78,0,0,0,1,31
ABMI-264-SW_2016,78,30,31,31,28,31
ABMI-265-NE_2015,78,0,0,0,0,30
ABMI-265-NE_2016,78,30,31,31,28,31
ABMI-265-NW_2015,78,0,0,0,0,30
ABMI-265-NW_2016,78,30,31,31,28,31
ABMI-265-SE_2015,78,0,0,0,3,31
ABMI-265-SE_2016,78,30,31,31,28,31
ABMI-265-SW_2015,78,0,0,0,0,30
ABMI-265-SW_2016,78,30,31,31,28,31
ABMI-266-NE_2015,78,0,0,0,4,31
ABMI-266-NE_2016,78,30,31,31,28,31
ABMI-266-NW_2015,78,0,0,0,4,31
ABMI-266-NW_2016,78,30,31,31,28,31
ABMI-266-SE_2015,78,0,0,0,4,31
ABMI-266-SE_2016,78,30,31,31,28,31
ABMI-266-SW_2015,78,0,0,0,4,31
ABMI-266-SW_2016,78,30,31,31,28,31
ABMI-267-NE_2018,78,0,30,31,28,31
ABMI-267-SW_2018,78,0,30,31,28,31
ABMI-268-NE_2018,78,0,30,31,28,31
ABMI-268-SW_2018,78,0,30,31,28,31
ABMI-269-NE_2018,78,0,29,31,28,31
ABMI-269-SW_2018,78,0,29,31,28,31
ABMI-270-NE_2016,78,0,0,0,0,9
ABMI-270-NW_2016,78,0,0,0,0,9
ABMI-270-SE_2016,78,0,0,0,0,9
ABMI-270-SW_2016,78,0,0,0,0,9
ABMI-271-NE_2016,78,0,0,0,0,10
ABMI-271-NW_2016,78,0,0,0,0,10
ABMI-271-SE_2016,78,0,0,0,0,10
ABMI-271-SW_2016,28,0,0,0,0,10
ABMI-272-NE_2016,76,0,0,0,0,11
ABMI-272-NW_2016,78,0,0,0,0,11
ABMI-272-SE_2016,78,0,0,0,0,11
ABMI-272-SW_2016,78,0,0,0,0,11
ABMI-277-NE_2018,68,0,0,0,0,0
ABMI-277-NW_2018,53,0,0,0,0,0
ABMI-277-SE_2018,68,0,0,0,0,0
ABMI-277-SW_2018,68,0,0,0,0,0
ABMI-294-NE_2015,78,0,0,0,0,30
ABMI-294-NE_2016,78,30,31,31,28,31
ABMI-294-NW_2015,78,0,0,0,0,30
ABMI-294-NW_2016,78,30,31,31,28,31
ABMI-294-SE_2015,78,0,0,0,0,30
ABMI-294-SE_2016,78,30,31,31,28,31
ABMI-294-SW_2015,78,0,0,0,0,30
ABMI-294-SW_2016,78,30,31,31,28,31
ABMI-295-NE_2015,78,0,0,0,0,29
ABMI-295-NE_2016,78,30,31,31,28,31
ABMI-295-NW_2015,78,0,0,0,0,29
ABMI-295-NW_2016,78,30,31,31,28,31
ABMI-295-SE_2015,78,0,0,0,0,29
ABMI-295-SE_2016,78,30,31,31,28,31
ABMI-295-SW_2015,78,0,0,0,0,29
ABMI-295-SW_2016,78,30,31,31,28,31
ABMI-296-NE_2015,78,0,0,0,4,31
ABMI-296-NE_2016,78,30,31,31,28,31
ABMI-296-NW_2015,78,0,0,0,4,31
ABMI-296-NW_2016,78,30,31,31,28,31
ABMI-296-SE_2015,78,0,0,0,4,31
ABMI-296-SE_2016,78,30,31,31,28,31
ABMI-296-SW_2015,78,0,0,0,4,31
ABMI-296-SW_2016,78,30,31,31,28,31
ABMI-297-NE_2018,78,0,30,31,28,31
ABMI-297-SW_2018,78,0,30,31,28,31
ABMI-298-NE_2018,78,4,31,31,28,31
ABMI-298-SW_2018,78,4,31,31,28,31
ABMI-299-NE_2018,78,4,31,31,28,31
ABMI-299-SW_2018,78,0,29,31,28,31
ABMI-2-NE_2015,78,0,0,0,0,19
ABMI-2-NW_2015,78,0,0,0,0,19
ABMI-2-SE_2015,78,0,0,0,0,19
ABMI-2-SW_2015,78,0,0,0,0,19
ABMI-300-NE_2016,78,0,0,0,0,9
ABMI-300-NW_2016,78,0,0,0,0,9
ABMI-300-SE_2016,9,0,0,0,0,9
ABMI-300-SW_2016,78,0,0,0,0,9
ABMI-301-NE_2016,78,0,0,0,0,10
ABMI-301-NW_2016,78,0,0,0,0,10
ABMI-301-SE_2016,78,0,0,0,0,10
ABMI-301-SW_2016,78,0,0,0,0,10
ABMI-302-NE_2016,78,0,0,0,0,11
ABMI-302-NW_2016,78,0,0,0,0,11
ABMI-302-SE_2016,78,0,0,0,0,11
ABMI-302-SW_2016,49,0,0,0,0,11
ABMI-317-NE_2017,78,0,0,0,1,31
ABMI-317-NW_2017,78,0,0,0,1,31
ABMI-317-SE_2017,78,0,0,0,1,31
ABMI-317-SW_2017,78,0,0,0,1,31
ABMI-318-NE_2017,78,0,0,0,1,31
ABMI-318-NW_2017,78,0,0,0,1,31
ABMI-318-SE_2017,78,0,0,0,1,31
ABMI-318-SW_2017,78,0,0,0,1,31
ABMI-319-NE_2017,78,0,0,0,1,31
ABMI-319-NW_2017,78,0,0,0,1,31
ABMI-319-SE_2017,78,0,0,0,1,31
ABMI-319-SW_2017,78,0,0,0,1,31
ABMI-320-NE_2018,78,30,31,31,28,31
ABMI-320-NW_2018,78,30,31,31,28,31
ABMI-320-SE_2018,78,30,31,31,28,31
ABMI-320-SW_2018,78,30,31,31,28,31
ABMI-321-NE_2018,78,30,31,31,28,31
ABMI-321-NW_2018,78,30,31,31,28,31
ABMI-321-SE_2018,78,30,31,31,28,31
ABMI-321-SW_2018,78,30,31,31,28,31
ABMI-322-NE_2018,78,30,31,31,28,31
ABMI-322-NW_2018,0,30,5,0,0,0
ABMI-322-SE_2018,78,30,31,31,28,31
ABMI-322-SW_2018,78,30,31,31,28,31
ABMI-323-NE_2016,78,0,0,0,0,15
ABMI-323-NW_2016,78,0,0,0,0,15
ABMI-323-SE_2016,78,0,0,0,0,15
ABMI-323-SW_2016,78,0,0,0,0,15
ABMI-324-NE_2016,78,0,0,0,0,15
ABMI-324-NW_2016,78,0,0,0,0,15
ABMI-324-SE_2016,78,0,0,0,0,15
ABMI-324-SW_2016,78,0,0,0,0,15
ABMI-325-NE_2016,78,0,0,0,0,15
ABMI-325-NW_2016,78,0,0,0,0,15
ABMI-325-SE_2016,78,0,0,0,0,15
ABMI-325-SW_2016,78,0,0,0,0,15
ABMI-329-NE_2015,78,0,0,0,10,31
ABMI-329-NW_2015,78,0,0,0,10,31
ABMI-329-SE_2015,78,0,0,0,10,31
ABMI-329-SW_2015,78,0,0,0,10,31
ABMI-32-NE_2015,78,0,0,0,0,21
ABMI-330-NE_2015,78,0,0,0,10,31
ABMI-330-NW_2015,78,0,0,0,10,31
ABMI-330-SE_2015,0,0,0,0,10,1
ABMI-330-SW_2015,78,0,0,0,10,31
ABMI-331-NE_2015,78,0,0,0,9,31
ABMI-331-NW_2015,78,0,0,0,9,31
ABMI-331-SE_2015,78,0,0,0,9,31
ABMI-331-SW_2015,78,0,0,0,9,31
ABMI-332-NE_2017,78,0,0,0,15,31
ABMI-332-NW_2017,78,0,0,0,15,31
ABMI-332-SE_2017,78,0,0,0,15,31
ABMI-332-SW_2017,78,0,0,0,15,31
ABMI-33-NE_2015,30,0,0,0,0,18
ABMI-33-NW_2015,78,0,0,0,0,18
ABMI-33-SE_2015,78,0,0,0,0,18
ABMI-33-SW_2015,78,0,0,0,0,18
ABMI-346-NE_2017,78,0,0,0,0,30
ABMI-346-NW_2017,78,0,0,0,0,30
ABMI-346-SE_2017,78,0,0,0,0,30
ABMI-347-NE_2017,78,0,0,0,0,31
ABMI-347-NW_2017,78,0,0,0,0,31
ABMI-347-SE_2017,78,0,0,0,0,31
ABMI-347-SW_2017,78,0,0,0,0,31
ABMI-348-NE_2017,78,0,0,0,0,31
ABMI-348-NW_2017,78,0,0,0,0,31
ABMI-348-SE_2017,78,0,0,0,0,31
ABMI-348-SW_2017,78,0,0,0,0,31
ABMI-349-NE_2018,78,30,31,31,28,31
ABMI-349-NW_2018,78,30,31,31,28,31
ABMI-349-SE_2018,39,30,31,31,28,31
ABMI-349-SW_2018,78,30,31,31,28,31
ABMI-34-NE_2015,78,0,0,0,0,20
ABMI-34-NW_2015,78,0,0,0,0,20
ABMI-34-SE_2015,78,0,0,0,0,20
ABMI-34-SW_2015,78,0,0,0,0,20
ABMI-350-NE_2018,0,30,14,0,0,0
ABMI-350-NW_2018,78,30,31,31,28,31
ABMI-350-SE_2018,78,30,31,31,28,31
ABMI-350-SW_2018,78,30,31,31,28,31
ABMI-351-NE_2018,78,30,31,31,28,31
ABMI-351-NW_2018,78,30,31,31,28,31
ABMI-351-SE_2018,78,30,31,31,28,31
ABMI-351-SW_2018,78,30,31,31,28,31
ABMI-352-NE_2016,78,0,0,0,0,14
ABMI-352-NW_2016,78,0,0,0,0,14
ABMI-352-SE_2016,78,0,0,0,0,14
ABMI-352-SW_2016,78,0,0,0,0,14
ABMI-353-NE_2016,78,0,0,0,0,14
ABMI-353-NW_2016,78,0,0,0,0,14
ABMI-353-SE_2016,78,0,0,0,0,14
ABMI-353-SW_2016,78,0,0,0,0,14
ABMI-354-NE_2016,76,0,0,0,0,14
ABMI-354-NW_2016,78,0,0,0,0,14
ABMI-354-SE_2016,78,0,0,0,0,14
ABMI-354-SW_2016,78,0,0,0,0,14
ABMI-358-NE_2015,78,0,0,0,9,31
ABMI-358-NW_2015,78,0,0,0,9,31
ABMI-358-SE_2015,14,0,0,0,9,31
ABMI-358-SW_2015,78,0,0,0,9,31
ABMI-359-NE_2015,78,0,0,0,8,31
ABMI-359-NW_2015,78,0,0,0,8,31
ABMI-359-SE_2015,78,0,0,0,8,31
ABMI-359-SW_2015,78,0,0,0,8,31
ABMI-35-NE_2017,78,0,0,0,27,31
ABMI-35-NW_2017,78,0,0,0,27,31
ABMI-35-SE_2017,78,0,0,0,27,31
ABMI-35-SW_2017,0,0,0,0,9,0
ABMI-360-NE_2015,78,0,0,0,10,31
ABMI-360-NW_2015,78,0,0,0,9,31
ABMI-360-SE_2015,78,0,0,0,10,31
ABMI-360-SW_2015,78,0,0,0,10,31
ABMI-361-NE_2017,78,0,0,0,15,31
ABMI-361-NW_2017,78,0,0,0,15,31
ABMI-361-SE_2017,78,0,0,0,15,31
ABMI-361-SW_2017,78,0,0,0,15,31
ABMI-362-NE_2017,78,0,0,0,15,31
ABMI-362-NW_2017,78,0,0,0,15,31
ABMI-362-SE_2017,78,0,0,0,15,31
ABMI-362-SW_2017,78,0,0,0,15,31
ABMI-36-NE_2017,78,0,0,0,26,31
ABMI-36-NW_2017,78,0,0,0,26,31
ABMI-36-SE_2017,78,0,0,0,26,31
ABMI-36-SW_2017,78,0,0,0,26,31
ABMI-376-NE_2017,78,0,0,0,0,30
ABMI-376-NW_2017,78,0,0,0,0,30
ABMI-376-SE_2017,78,0,0,0,0,30
ABMI-376-SW_2017,78,0,0,0,0,30
ABMI-377-NE_2017,5,0,0,0,0,30
ABMI-377-NW_2017,78,0,0,0,0,30
ABMI-377-SE_2017,0,0,0,0,0,5
ABMI-377-SW_2017,78,0,0,0,0,30
ABMI-378-NE_2017,78,0,0,0,0,31
ABMI-378-NW_2017,78,0,0,0,0,31
ABMI-378-SE_2017,78,0,0,0,0,31
ABMI-378-SW_2017,78,0,0,0,0,31
ABMI-379-NW_2018,78,30,31,31,28,31
ABMI-379-SE_2018,78,30,31,31,28,31
ABMI-379-SW_2018,78,30,31,31,28,31
ABMI-37-NE_2017,78,0,0,0,26,31
ABMI-37-NW_2017,78,0,0,0,26,31
ABMI-37-SE_2017,78,0,0,0,26,31
ABMI-37-SW_2017,78,0,0,0,26,31
ABMI-380-NE_2018,65,30,31,31,28,31
ABMI-380-NW_2018,78,30,31,31,28,31
ABMI-380-SE_2018,78,30,31,31,28,31
ABMI-380-SW_2018,78,30,31,31,28,31
ABMI-381-NE_2018,78,30,31,31,28,31
ABMI-381-NW_2018,78,30,31,31,28,31
ABMI-381-SE_2018,78,30,31,31,28,31
ABMI-381-SW_2018,78,30,31,31,28,31
ABMI-382-NE_2016,78,0,0,0,0,13
ABMI-382-NW_2016,78,0,0,0,0,13
ABMI-382-SE_2016,78,0,0,0,0,13
ABMI-382-SW_2016,78,0,0,0,0,13
ABMI-383-NE_2016,78,0,0,0,0,13
ABMI-383-NW_2016,78,0,0,0,0,13
ABMI-383-SE_2016,78,0,0,0,0,13
ABMI-383-SW_2016,78,0,0,0,0,13
ABMI-384-NE_2016,78,0,0,0,0,13
ABMI-384-NW_2016,78,0,0,0,0,13
ABMI-384-SE_2016,78,0,0,0,0,13
ABMI-384-SW_2016,78,0,0,0,0,13
ABMI-388-NE_2015,78,0,0,0,5,31
ABMI-388-NW_2015,78,0,0,0,5,31
ABMI-388-SE_2015,78,0,0,0,5,31
ABMI-388-SW_2015,78,0,0,0,5,31
ABMI-389-NE_2015,78,0,0,0,5,31
ABMI-389-NW_2015,78,0,0,0,5,31
ABMI-389-SE_2015,78,0,0,0,5,31
ABMI-389-SW_2015,78,0,0,0,5,31
ABMI-38-NE_2018,78,2,31,31,28,31
ABMI-38-SW_2018,37,2,31,31,28,31
ABMI-390-NE_2015,78,0,0,0,5,31
ABMI-390-NW_2015,78,0,0,0,5,31
ABMI-390-SE_2015,78,0,0,0,5,31
ABMI-390-SW_2015,78,0,0,0,5,31
ABMI-391-NE_2017,78,0,0,0,14,31
ABMI-391-NW_2017,78,0,0,0,14,31
ABMI-391-SE_2017,78,0,0,0,14,31
ABMI-391-SW_2017,78,0,0,0,14,31
ABMI-392-NE_2017,78,0,0,0,14,31
ABMI-392-NW_2017,78,0,0,0,14,31
ABMI-392-SE_2017,40,0,0,0,14,31
ABMI-392-SW_2017,78,0,0,0,14,31
ABMI-39-NE_2018,78,2,31,31,28,31
ABMI-39-SW_2018,78,2,31,31,28,31
ABMI-3-NE_2015,78,0,0,0,0,19
ABMI-3-NW_2015,78,0,0,0,0,19
ABMI-3-SE_2015,78,0,0,0,0,19
ABMI-3-SW_2015,78,0,0,0,0,19
ABMI-403-NE_2018,78,30,31,31,28,31
ABMI-403-NW_2018,78,30,31,31,28,31
ABMI-403-SE_2018,78,30,31,31,28,31
ABMI-403-SW_2018,78,30,31,31,28,31
ABMI-404-NE_2018,78,30,31,31,28,31
ABMI-404-NW_2018,78,30,31,31,28,31
ABMI-404-SE_2018,22,30,31,31,28,31
ABMI-404-SW_2018,78,30,31,31,28,31
ABMI-405-NE_2018,78,30,31,31,28,31
ABMI-405-NW_2018,78,30,31,31,28,31
ABMI-405-SE_2018,78,30,31,31,28,31
ABMI-405-SW_2018,78,30,31,31,28,31
ABMI-412-NE_2015,78,0,0,0,5,31
ABMI-412-NW_2015,78,0,0,0,5,31
ABMI-412-SE_2015,78,0,0,0,7,31
ABMI-412-SW_2015,78,0,0,0,7,31
ABMI-413-NE_2015,78,0,0,0,5,31
ABMI-413-NW_2015,78,0,0,0,5,31
ABMI-413-SE_2015,78,0,0,0,5,31
ABMI-413-SW_2015,78,0,0,0,5,31
ABMI-414-NE_2015,78,0,0,0,5,31
ABMI-414-NW_2015,78,0,0,0,5,31
ABMI-414-SE_2015,78,0,0,0,5,31
ABMI-414-SW_2015,78,0,0,0,5,31
ABMI-415-NE_2017,78,0,0,0,12,31
ABMI-415-NW_2017,78,0,0,0,12,31
ABMI-415-SE_2017,78,0,0,0,12,31
ABMI-415-SW_2017,78,0,0,0,12,31
ABMI-416-NE_2017,78,0,0,0,12,31
ABMI-416-NW_2017,78,0,0,0,12,31
ABMI-416-SE_2017,78,0,0,0,12,31
ABMI-416-SW_2017,78,0,0,0,12,31
ABMI-417-NE_2017,78,0,0,0,14,31
ABMI-417-NW_2017,78,0,0,0,14,31
ABMI-417-SE_2017,69,0,0,0,14,31
ABMI-417-SW_2017,78,0,0,0,14,31
ABMI-418-NE_2018,78,0,0,23,28,31
ABMI-418-SW_2018,78,0,0,23,28,31
ABMI-419-NE_2018,78,0,0,23,28,31
ABMI-419-SW_2018,78,0,0,17,28,31
ABMI-420-NE_2018,78,0,0,22,28,31
ABMI-420-SW_2018,78,0,0,22,28,31
ABMI-421-NE_2016,78,0,0,0,0,12
ABMI-421-NW_2016,78,0,0,0,0,12
ABMI-421-SE_2016,78,0,0,0,0,12
ABMI-421-SW_2016,78,0,0,0,0,12
ABMI-422-NE_2016,78,0,0,0,0,12
ABMI-422-NW_2016,78,0,0,0,0,12
ABMI-422-SE_2016,78,0,0,0,0,12
ABMI-422-SW_2016,78,0,0,0,0,12
ABMI-433-NE_2018,78,30,31,31,28,31
ABMI-433-NW_2018,78,30,31,31,28,31
ABMI-433-SE_2018,78,30,31,31,28,31
ABMI-433-SW_2018,78,30,31,31,28,31
ABMI-434-NE_2018,78,30,31,31,28,31
ABMI-434-NW_2018,78,30,31,31,28,31
ABMI-434-SE_2018,78,30,31,31,28,31
ABMI-434-SW_2018,78,30,31,31,28,31
ABMI-435-NE_2018,78,30,31,31,28,31
ABMI-435-NW_2018,78,30,31,31,28,31
ABMI-435-SE_2018,78,30,31,31,28,31
ABMI-435-SW_2018,73,30,31,31,28,31
ABMI-442-NE_2015,78,0,0,0,7,31
ABMI-442-NW_2015,78,0,0,0,7,31
ABMI-442-SE_2015,78,0,0,0,7,31
ABMI-442-SW_2015,78,0,0,0,7,31
ABMI-443-NE_2015,78,0,0,0,7,31
ABMI-443-NW_2015,78,0,0,0,8,31
ABMI-443-SE_2015,78,0,0,0,7,31
ABMI-443-SW_2015,78,0,0,0,7,31
ABMI-444-NE_2015,78,0,0,0,8,31
ABMI-444-NW_2015,78,0,0,0,8,31
ABMI-444-SE_2015,78,0,0,0,8,31
ABMI-444-SW_2015,78,0,0,0,8,31
ABMI-445-NE_2017,78,0,0,0,12,31
ABMI-445-NW_2017,78,0,0,0,11,31
ABMI-445-SE_2017,78,0,0,0,12,31
ABMI-445-SW_2017,78,0,0,0,12,31
ABMI-446-NE_2017,78,0,0,0,12,31
ABMI-446-NW_2017,78,0,0,0,12,31
ABMI-446-SE_2017,78,0,0,0,12,31
ABMI-446-SW_2017,78,0,0,0,12,31
ABMI-447-NE_2017,78,0,0,0,8,31
ABMI-447-NW_2017,78,0,0,0,8,31
ABMI-447-SE_2017,78,0,0,0,8,31
ABMI-447-SW_2017,78,0,0,0,8,31
ABMI-448-NE_2018,78,0,0,0,15,31
ABMI-448-SW_2018,78,0,0,0,15,31
ABMI-449-NE_2018,78,0,0,21,28,31
ABMI-449-SW_2018,78,0,0,21,28,31
ABMI-450-NE_2018,78,0,0,22,28,31
ABMI-450-SW_2018,78,0,0,22,28,31
ABMI-451-NE_2016,78,0,0,0,0,11
ABMI-451-NW_2016,78,0,0,0,0,11
ABMI-451-SE_2017,78,30,31,31,28,31
ABMI-451-SW_2016,78,0,0,0,0,11
ABMI-452-NE_2017,78,30,31,31,28,31
ABMI-452-NW_2016,78,0,0,0,0,12
ABMI-452-SE_2016,78,0,0,0,0,12
ABMI-452-SW_2016,48,0,0,0,0,12
ABMI-463-NE_2018,78,30,31,31,28,31
ABMI-463-NW_2018,78,30,31,31,28,31
ABMI-463-SE_2018,78,30,31,31,28,31
ABMI-463-SW_2018,78,30,31,31,28,31
ABMI-464-NE_2018,78,30,31,31,28,31
ABMI-464-NW_2018,78,30,31,31,28,31
ABMI-464-SE_2018,78,30,31,31,28,31
ABMI-464-SW_2018,78,30,31,31,28,31
ABMI-465-NE_2018,78,30,31,31,28,31
ABMI-465-NW_2018,78,30,31,31,28,31
ABMI-465-SE_2018,78,30,31,31,28,31
ABMI-465-SW_2018,78,30,31,31,28,31
ABMI-472-NE_2015,78,0,0,0,9,31
ABMI-472-NW_2015,78,0,0,0,9,31
ABMI-472-SE_2015,78,0,0,0,9,31
ABMI-472-SW_2015,78,0,0,0,9,31
ABMI-473-NE_2015,78,0,0,0,8,31
ABMI-473-NW_2015,78,0,0,0,9,31
ABMI-473-SE_2015,78,0,0,0,8,31
ABMI-473-SW_2015,78,0,0,0,9,31
ABMI-474-NE_2015,78,0,0,0,8,31
ABMI-474-NW_2015,78,0,0,0,9,31
ABMI-474-SE_2015,78,0,0,0,8,31
ABMI-474-SW_2015,78,0,0,0,8,31
ABMI-475-NE_2017,78,0,0,0,9,31
ABMI-475-NW_2017,78,0,0,0,9,31
ABMI-475-SE_2017,78,0,0,0,9,31
ABMI-475-SW_2017,78,0,0,0,9,31
ABMI-476-NE_2017,78,0,0,0,9,31
ABMI-476-NW_2017,78,0,0,0,9,31
ABMI-476-SE_2017,60,0,0,0,9,31
ABMI-476-SW_2017,78,0,0,0,9,31
ABMI-477-NE_2017,78,0,0,0,9,31
ABMI-477-NW_2017,78,0,0,0,9,31
ABMI-477-SE_2017,78,0,0,0,9,31
ABMI-477-SW_2017,78,0,0,0,9,31
ABMI-478-NE_2018,78,0,0,20,28,31
ABMI-478-SW_2018,78,30,31,31,28,31
ABMI-479-NE_2018,78,0,0,0,15,31
ABMI-479-SW_2018,78,0,0,0,15,31
ABMI-480-NE_2018,78,0,0,22,28,31
ABMI-480-SW_2018,78,0,0,22,28,31
ABMI-481-NE_2016,78,0,0,0,0,11
ABMI-481-NW_2017,78,30,31,31,28,31
ABMI-481-SE_2017,78,30,31,31,28,31
ABMI-481-SW_2017,78,30,31,31,28,31
ABMI-482-NE_2016,78,0,0,0,0,10
ABMI-482-NW_2016,78,0,0,0,0,10
ABMI-482-SE_2016,78,0,0,0,0,10
ABMI-482-SW_2017,78,30,31,31,28,31
ABMI-483-NE_2016,78,0,0,0,0,10
ABMI-483-NE_2017,78,30,31,31,28,31
ABMI-483-NW_2016,78,0,0,0,0,10
ABMI-483-SE_2016,78,0,0,0,0,10
ABMI-483-SW_2016,78,0,0,0,0,10
ABMI-497-NE_2016,78,0,0,0,0,24
ABMI-497-NW_2016,72,0,0,0,0,24
ABMI-497-SE_2016,78,0,0,0,0,24
ABMI-497-SW_2016,78,0,0,0,0,24
ABMI-498-NE_2016,78,0,0,0,0,23
ABMI-498-NW_2016,78,0,0,0,0,23
ABMI-498-SE_2016,78,0,0,0,0,23
ABMI-498-SW_2016,78,0,0,0,0,23
ABMI-499-NE_2016,78,0,0,0,0,28
ABMI-499-NW_2016,78,0,0,0,0,28
ABMI-499-SE_2016,78,0,0,0,0,28
ABMI-499-SW_2016,78,0,0,0,0,28
ABMI-4-NE_2017,78,0,0,1,28,31
ABMI-4-NW_2017,78,0,0,1,28,31
ABMI-4-SE_2017,78,0,0,1,28,31
ABMI-4-SW_2017,78,0,0,1,28,31
ABMI-503-NE_2018,31,0,0,20,28,31
ABMI-503-NW_2018,49,0,0,20,28,31
ABMI-503-SE_2018,78,0,0,20,28,31
ABMI-503-SW_2018,37,0,0,20,28,31
ABMI-504-NE_2018,78,0,0,19,28,31
ABMI-504-NW_2018,78,0,0,19,28,31
ABMI-504-SE_2018,78,0,0,19,28,31
ABMI-504-SW_2018,78,0,0,19,28,31
ABMI-505-NE_2018,78,0,0,20,28,31
ABMI-505-NW_2018,78,0,0,20,28,31
ABMI-505-SE_2018,78,0,0,20,28,31
ABMI-505-SW_2018,78,0,0,20,28,31
ABMI-506-NE_2016,78,0,0,0,0,19
ABMI-506-NW_2016,78,0,0,0,0,19
ABMI-506-SE_2016,78,0,0,0,0,19
ABMI-506-SW_2016,78,0,0,0,0,19
ABMI-507-NE_2016,78,0,0,0,0,20
ABMI-507-NW_2016,78,0,0,0,0,20
ABMI-507-SE_2016,78,0,0,0,0,20
ABMI-507-SW_2016,78,0,0,0,0,20
ABMI-508-NE_2016,78,0,0,0,0,21
ABMI-508-NW_2016,78,0,0,0,0,21
ABMI-508-SE_2016,78,0,0,0,0,21
ABMI-508-SW_2016,78,0,0,0,0,21
ABMI-512-NE_2015,78,0,0,0,11,31
ABMI-512-NW_2015,78,0,0,0,11,31
ABMI-512-SE_2015,78,0,0,0,11,31
ABMI-512-SW_2015,78,0,0,0,11,31
ABMI-514-NE_2015,78,0,0,0,11,31
ABMI-514-NW_2015,78,0,0,0,11,31
ABMI-514-SE_2015,78,0,0,0,11,31
ABMI-514-SW_2015,78,0,0,0,11,31
ABMI-528-NE_2016,78,0,0,0,0,27
ABMI-528-NW_2016,78,0,0,0,0,27
ABMI-528-SE_2016,78,0,0,0,0,27
ABMI-528-SW_2016,78,0,0,0,0,27
ABMI-529-NE_2016,78,0,0,0,0,30
ABMI-529-NW_2016,78,0,0,0,0,30
ABMI-529-SE_2016,78,0,0,0,0,30
ABMI-529-SW_2016,78,0,0,0,0,30
ABMI-530-NE_2016,78,0,0,0,0,29
ABMI-530-NW_2016,78,0,0,0,0,29
ABMI-530-SE_2016,78,0,0,0,0,29
ABMI-530-SW_2016,78,0,0,0,0,29
ABMI-534-NE_2018,78,0,0,19,28,31
ABMI-534-NW_2018,78,0,0,19,28,31
ABMI-534-SE_2018,78,0,0,19,28,31
ABMI-534-SW_2018,78,0,0,19,28,31
ABMI-535-NE_2018,78,0,0,18,28,31
ABMI-535-NW_2018,78,0,0,18,28,31
ABMI-535-SE_2018,78,0,0,18,28,31
ABMI-535-SW_2018,78,0,0,18,28,31
ABMI-536-NE_2018,78,0,0,0,14,31
ABMI-536-NW_2018,78,0,0,0,14,31
ABMI-536-SE_2018,78,0,0,0,14,31
ABMI-536-SW_2018,78,0,0,0,14,31
ABMI-537-NE_2016,78,0,0,0,0,19
ABMI-537-NW_2016,78,0,0,0,0,19
ABMI-537-SE_2016,78,0,0,0,0,19
ABMI-537-SW_2016,78,0,0,0,0,19
ABMI-538-NE_2016,78,0,0,0,0,20
ABMI-538-NW_2016,78,0,0,0,0,20
ABMI-538-SE_2016,78,0,0,0,0,20
ABMI-538-SW_2017,78,30,31,31,28,31
ABMI-539-NE_2016,78,0,0,0,0,21
ABMI-539-NW_2016,78,0,0,0,0,21
ABMI-539-SE_2016,78,0,0,0,0,21
ABMI-539-SW_2016,78,0,0,0,0,21
ABMI-543-NE_2015,78,0,0,0,11,31
ABMI-543-NW_2015,78,0,0,0,12,31
ABMI-543-SE_2015,78,0,0,0,11,31
ABMI-543-SW_2015,78,0,0,0,12,31
ABMI-544-NE_2015,78,0,0,0,12,31
ABMI-544-NW_2015,78,0,0,0,11,31
ABMI-544-SE_2015,78,0,0,0,11,31
ABMI-544-SW_2015,78,0,0,0,11,31
ABMI-545-NW_2015,78,0,0,0,12,31
ABMI-545-SW_2015,78,0,0,0,12,31
ABMI-555-NE_2017,78,9,31,31,28,31
ABMI-555-NW_2017,78,9,31,31,28,31
ABMI-555-SE_2017,78,9,31,31,28,31
ABMI-555-SW_2017,78,9,31,31,28,31
ABMI-559-NE_2016,78,0,0,0,0,24
ABMI-559-NW_2016,78,0,0,0,0,24
ABMI-559-SE_2016,78,0,0,0,0,24
ABMI-559-SW_2016,78,0,0,0,0,24
ABMI-560-NE_2016,78,0,0,0,0,26
ABMI-560-NW_2016,78,0,0,0,0,26
ABMI-560-SE_2016,78,0,0,0,0,26
ABMI-560-SW_2016,78,0,0,0,0,26
ABMI-561-NE_2016,78,0,0,0,0,26
ABMI-561-NW_2016,78,0,0,0,0,26
ABMI-561-SE_2016,78,0,0,0,0,26
ABMI-561-SW_2016,78,0,0,0,0,26
ABMI-565-NE_2018,78,0,0,18,28,31
ABMI-565-NW_2018,78,0,0,18,28,31
ABMI-565-SE_2018,78,0,0,18,28,31
ABMI-565-SW_2018,78,0,0,18,28,31
ABMI-566-NE_2018,78,0,0,18,28,31
ABMI-566-NW_2018,78,0,0,18,28,31
ABMI-566-SE_2018,78,0,0,18,28,31
ABMI-566-SW_2018,78,0,0,18,28,31
ABMI-567-NE_2018,78,0,0,0,14,31
ABMI-567-NW_2018,78,0,0,0,14,31
ABMI-567-SE_2018,78,0,0,0,14,31
ABMI-567-SW_2018,78,0,0,0,14,31
ABMI-568-NE_2016,78,0,0,0,0,19
ABMI-568-NW_2016,0,0,0,0,0,1
ABMI-568-SE_2016,78,0,0,0,0,19
ABMI-568-SW_2016,78,0,0,0,0,19
ABMI-569-NE_2016,78,0,0,0,0,20
ABMI-569-NW_2016,78,0,0,0,0,20
ABMI-569-SE_2017,78,30,31,31,28,31
ABMI-569-SW_2016,78,0,0,0,0,20
ABMI-570-NE_2016,78,0,0,0,0,21
ABMI-570-NW_2016,78,0,0,0,0,21
ABMI-570-SE_2016,78,0,0,0,0,21
ABMI-570-SW_2016,78,0,0,0,0,21
ABMI-574-NE_2015,78,0,0,0,12,31
ABMI-574-NW_2015,78,0,0,0,12,31
ABMI-574-SE_2015,78,0,0,0,12,31
ABMI-574-SW_2015,78,0,0,0,12,31
ABMI-575-NE_2015,78,0,0,0,13,31
ABMI-575-NW_2015,78,0,0,0,13,31
ABMI-575-SE_2015,78,0,0,0,13,31
ABMI-575-SW_2015,78,0,0,0,13,31
ABMI-576-NE_2015,78,0,0,0,13,31
ABMI-576-NW_2015,78,0,0,0,13,31
ABMI-576-SE_2015,78,0,0,0,13,31
ABMI-576-SW_2015,78,0,0,0,13,31
ABMI-584-NE_2016,78,0,0,0,9,31
ABMI-584-NW_2016,78,0,0,0,9,31
ABMI-584-SE_2016,78,0,0,0,9,31
ABMI-584-SW_2016,78,0,0,0,9,31
ABMI-585-NE_2016,78,0,0,0,8,31
ABMI-585-NW_2016,78,0,0,0,8,31
ABMI-585-SE_2016,78,0,0,0,8,31
ABMI-585-SW_2016,78,0,0,0,8,31
ABMI-586-NE_2016,78,0,0,0,11,31
ABMI-586-NW_2016,78,0,0,0,11,31
ABMI-586-SE_2016,78,0,0,0,11,31
ABMI-586-SW_2016,78,0,0,0,11,31
ABMI-587-NE_2017,78,7,31,31,28,31
ABMI-587-NW_2017,0,5,0,0,0,0
ABMI-587-SE_2017,78,7,31,31,28,31
ABMI-587-SW_2017,78,7,31,31,28,31
ABMI-588-NE_2017,78,8,31,31,28,31
ABMI-588-NW_2017,78,8,31,31,28,31
ABMI-588-SE_2017,78,8,31,31,28,31
ABMI-588-SW_2017,78,8,31,31,28,31
ABMI-589-NE_2017,78,8,31,31,28,31
ABMI-589-NW_2017,78,8,31,31,28,31
ABMI-589-SE_2017,78,8,31,31,28,31
ABMI-589-SW_2017,78,8,31,31,28,31
ABMI-590-NE_2018,78,7,31,31,28,31
ABMI-590-NW_2018,78,7,31,31,28,31
ABMI-590-SE_2018,78,7,31,31,28,31
ABMI-590-SW_2018,78,7,31,31,28,31
ABMI-592-NE_2018,78,5,31,31,28,31
ABMI-592-NW_2018,78,5,31,31,28,31
ABMI-592-SE_2018,78,5,31,31,28,31
ABMI-592-SW_2018,78,5,31,31,28,31
ABMI-593-NE_2016,78,0,0,0,0,25
ABMI-593-NW_2016,78,0,0,0,0,25
ABMI-593-SE_2016,78,0,0,0,0,25
ABMI-593-SW_2016,78,0,0,0,0,25
ABMI-594-NE_2016,78,0,0,0,0,23
ABMI-594-NW_2016,78,0,0,0,0,23
ABMI-594-SE_2016,78,0,0,0,0,23
ABMI-594-SW_2016,78,0,0,0,0,23
ABMI-595-NE_2016,78,0,0,0,0,27
ABMI-595-NW_2016,78,0,0,0,0,27
ABMI-595-SE_2016,78,0,0,0,0,27
ABMI-595-SW_2016,78,0,0,0,0,27
ABMI-599-NE_2015,78,0,0,0,8,31
ABMI-599-NW_2015,78,0,0,0,7,31
ABMI-599-SE_2015,78,0,0,0,8,31
ABMI-599-SW_2015,78,0,0,0,8,31
ABMI-5-NE_2017,78,0,0,1,28,31
ABMI-5-NW_2017,78,0,0,1,28,31
ABMI-5-SE_2017,78,0,0,1,28,31
ABMI-5-SW_2017,78,0,0,1,28,31
ABMI-600-NE_2015,78,0,0,0,8,31
ABMI-600-NW_2015,78,0,0,0,8,31
ABMI-600-SE_2015,78,0,0,0,8,31
ABMI-600-SW_2015,78,0,0,0,8,31
ABMI-601-NE_2015,78,0,0,0,0,29
ABMI-601-NW_2015,78,0,0,0,0,29
ABMI-601-SE_2015,78,0,0,0,0,29
ABMI-601-SW_2015,59,0,0,0,0,29
ABMI-602-NE_2017,78,0,0,0,11,31
ABMI-602-NW_2017,78,0,0,0,11,31
ABMI-602-SE_2017,78,0,0,0,11,31
ABMI-602-SW_2017,78,0,0,0,11,31
ABMI-603-NE_2017,78,0,0,0,9,31
ABMI-603-NW_2017,78,0,0,0,9,31
ABMI-603-SE_2017,78,0,0,0,9,31
ABMI-603-SW_2017,78,0,0,0,9,31
ABMI-604-NE_2017,78,0,0,0,10,31
ABMI-604-NW_2017,78,0,0,0,10,31
ABMI-604-SE_2017,78,0,0,0,10,31
ABMI-604-SW_2017,78,0,0,0,10,31
ABMI-605-NE_2018,78,0,0,4,28,31
ABMI-605-SW_2018,78,0,0,4,28,31
ABMI-606-NE_2018,78,0,0,2,28,31
ABMI-606-SW_2018,78,0,0,2,28,31
ABMI-607-NE_2018,78,0,0,24,28,31
ABMI-607-SW_2018,78,0,0,24,28,31
ABMI-608-NE_2016,78,0,0,0,0,18
ABMI-608-NW_2016,78,0,0,0,0,18
ABMI-608-SE_2016,78,0,0,0,0,18
ABMI-608-SW_2016,78,0,0,0,0,18
ABMI-616-NE_2016,78,0,0,0,7,31
ABMI-616-NW_2016,78,0,0,0,7,31
ABMI-616-SE_2016,78,0,0,0,7,31
ABMI-616-SW_2016,78,0,0,0,7,31
ABMI-617-NE_2016,78,0,0,0,10,31
ABMI-617-NW_2016,78,0,0,0,10,31
ABMI-617-SE_2016,78,0,0,0,10,31
ABMI-617-SW_2016,78,0,0,0,10,31
ABMI-618-NE_2016,78,0,0,0,12,31
ABMI-618-NW_2016,78,0,0,0,12,31
ABMI-618-SE_2016,78,0,0,0,12,31
ABMI-618-SW_2016,78,0,0,0,12,31
ABMI-619-NE_2017,78,6,31,31,28,31
ABMI-619-NW_2017,78,6,31,31,28,31
ABMI-619-SE_2017,78,6,31,31,28,31
ABMI-619-SW_2017,78,6,31,31,28,31
ABMI-620-NE_2017,78,7,31,31,28,31
ABMI-620-NW_2017,78,7,31,31,28,31
ABMI-620-SE_2017,78,7,31,31,28,31
ABMI-620-SW_2017,78,7,31,31,28,31
ABMI-621-NE_2017,78,6,31,31,28,31
ABMI-621-NW_2017,78,6,31,31,28,31
ABMI-621-SE_2017,78,6,31,31,28,31
ABMI-621-SW_2017,78,6,31,31,28,31
ABMI-622-NE_2018,78,5,31,31,28,31
ABMI-622-NW_2018,78,5,31,31,28,31
ABMI-622-SE_2018,78,5,31,31,28,31
ABMI-622-SW_2018,78,5,31,31,28,31
ABMI-623-NE_2018,78,6,31,31,28,31
ABMI-623-NW_2018,78,6,31,31,28,31
ABMI-623-SE_2018,78,6,31,31,28,31
ABMI-623-SW_2018,78,6,31,31,28,31
ABMI-624-NE_2018,78,4,31,31,28,31
ABMI-624-NW_2018,78,4,31,31,28,31
ABMI-624-SE_2018,78,4,31,31,28,31
ABMI-624-SW_2018,78,4,31,31,28,31
ABMI-625-NE_2016,78,0,0,0,0,30
ABMI-625-NW_2016,78,0,0,0,0,30
ABMI-625-SE_2016,78,0,0,0,0,30
ABMI-625-SW_2016,78,0,0,0,0,30
ABMI-626-NE_2016,78,0,0,0,0,29
ABMI-626-NW_2016,78,0,0,0,0,29
ABMI-626-SE_2016,78,0,0,0,0,29
ABMI-626-SW_2016,78,0,0,0,0,29
ABMI-627-NE_2016,78,0,0,0,0,27
ABMI-627-NW_2016,78,0,0,0,0,29
ABMI-627-SE_2016,78,0,0,0,0,27
ABMI-627-SW_2016,78,0,0,0,0,27
ABMI-631-NE_2015,78,0,0,0,7,31
ABMI-631-NW_2015,78,0,0,0,7,31
ABMI-631-SE_2015,78,0,0,0,7,31
ABMI-631-SW_2015,78,0,0,0,7,31
ABMI-632-NW_2015,78,0,0,0,0,29
ABMI-632-SE_2015,78,0,0,0,0,29
ABMI-632-SW_2015,78,0,0,0,0,29
ABMI-633-NE_2015,78,0,0,0,0,29
ABMI-633-NW_2015,78,0,0,0,0,29
ABMI-633-SE_2015,78,0,0,0,0,29
ABMI-633-SW_2015,78,0,0,0,0,29
ABMI-634-NE_2017,78,0,0,0,13,31
ABMI-634-NW_2017,78,0,0,0,13,31
ABMI-634-SE_2017,78,0,0,0,13,31
ABMI-634-SW_2017,78,0,0,0,13,31
ABMI-635-NE_2017,78,0,0,0,8,31
ABMI-635-NW_2017,78,0,0,0,8,31
ABMI-635-SE_2017,78,0,0,0,8,31
ABMI-635-SW_2017,78,0,0,0,8,31
ABMI-636-NE_2017,78,0,0,0,10,31
ABMI-636-NW_2017,78,0,0,0,10,31
ABMI-636-SE_2017,78,0,0,0,10,31
ABMI-636-SW_2017,78,0,0,0,10,31
ABMI-637-NE_2018,78,0,0,5,28,31
ABMI-637-SW_2018,78,0,0,5,28,31
ABMI-638-NE_2018,78,0,0,6,28,31
ABMI-638-SW_2018,78,0,0,6,28,31
ABMI-639-NE_2018,78,0,0,0,11,31
ABMI-639-SW_2018,41,0,0,0,11,31
ABMI-63-NE_2016,78,0,0,0,0,13
ABMI-63-NW_2016,78,0,0,0,0,13
ABMI-63-SE_2016,78,0,0,0,0,13
ABMI-63-SW_2016,78,0,0,0,0,13
ABMI-640-NE_2016,78,0,0,0,0,15
ABMI-640-NW_2016,78,0,0,0,0,18
ABMI-640-SE_2016,78,0,0,0,0,15
ABMI-640-SW_2016,78,0,0,0,0,15
ABMI-648-NE_2016,78,0,0,0,8,31
ABMI-648-NW_2016,78,0,0,0,12,31
ABMI-648-SE_2016,78,0,0,0,9,31
ABMI-649-NE_2016,78,0,0,0,13,31
ABMI-649-NW_2016,78,0,0,0,13,31
ABMI-649-SE_2016,78,0,0,0,13,31
ABMI-649-SW_2016,78,0,0,0,13,31
ABMI-64-NE_2016,78,0,0,0,0,12
ABMI-64-NW_2016,63,0,0,0,0,12
ABMI-64-SE_2016,78,0,0,0,0,12
ABMI-64-SW_2016,78,0,0,0,0,12
ABMI-650-NE_2016,78,0,0,0,13,31
ABMI-650-NW_2016,78,0,0,0,13,31
ABMI-650-SE_2016,78,0,0,0,13,31
ABMI-651-NE_2017,78,9,31,31,28,31
ABMI-651-NW_2017,78,9,31,31,28,31
ABMI-651-SE_2017,78,9,31,31,28,31
ABMI-651-SW_2017,78,9,31,31,28,31
ABMI-652-NE_2017,78,7,31,31,28,31
ABMI-652-NW_2017,78,7,31,31,28,31
ABMI-652-SE_2017,78,7,31,31,28,31
ABMI-652-SW_2017,78,7,31,31,28,31
ABMI-653-NE_2017,78,5,31,31,28,31
ABMI-653-NW_2017,78,5,31,31,28,31
ABMI-653-SE_2017,78,5,31,31,28,31
ABMI-653-SW_2017,78,5,31,31,28,31
ABMI-657-NE_2016,78,0,0,0,0,25
ABMI-657-NW_2016,78,0,0,0,0,25
ABMI-657-SE_2016,78,0,0,0,0,25
ABMI-657-SW_2016,78,0,0,0,0,25
ABMI-658-NE_2016,78,0,0,0,0,27
ABMI-658-NW_2016,78,0,0,0,0,25
ABMI-658-SE_2016,78,0,0,0,0,25
ABMI-658-SW_2016,78,0,0,0,0,25
ABMI-659-NE_2016,78,0,0,0,0,28
ABMI-659-NW_2016,78,0,0,0,0,28
ABMI-659-SE_2016,78,0,0,0,0,28
ABMI-659-SW_2016,78,0,0,0,0,28
ABMI-65-NE_2016,78,0,0,0,0,12
ABMI-65-NW_2016,78,0,0,0,0,12
ABMI-65-SE_2016,78,0,0,0,0,12
ABMI-65-SW_2016,78,0,0,0,0,12
ABMI-663-NE_2015,78,0,0,0,7,31
ABMI-663-NW_2015,78,0,0,0,7,31
ABMI-663-SE_2015,78,0,0,0,7,31
ABMI-663-SW_2015,78,0,0,0,7,31
ABMI-664-NE_2015,78,0,0,0,0,30
ABMI-664-NW_2015,78,0,0,0,0,30
ABMI-664-SE_2015,78,0,0,0,0,30
ABMI-664-SW_2015,78,0,0,0,0,30
ABMI-665-NE_2015,78,0,0,0,0,30
ABMI-665-NW_2015,78,0,0,0,0,30
ABMI-665-SE_2015,78,0,0,0,0,30
ABMI-665-SW_2015,78,0,0,0,0,30
ABMI-666-NE_2017,78,0,0,0,11,31
ABMI-666-NW_2017,78,0,0,0,11,31
ABMI-666-SE_2017,78,0,0,0,11,31
ABMI-666-SW_2017,78,0,0,0,11,31
ABMI-667-NE_2017,78,0,0,0,8,31
ABMI-667-NW_2017,78,0,0,0,8,31
ABMI-667-SE_2017,78,0,0,0,8,31
ABMI-667-SW_2017,78,0,0,0,8,31
ABMI-668-NE_2017,78,0,0,0,13,31
ABMI-668-NW_2017,78,0,0,0,13,31
ABMI-668-SE_2017,78,0,0,0,13,31
ABMI-668-SW_2017,78,0,0,0,13,31
ABMI-669-NE_2018,78,0,0,24,28,31
ABMI-669-SW_2018,78,0,0,3,28,31
ABMI-670-NE_2018,78,0,0,0,11,31
ABMI-670-SW_2018,78,0,0,0,11,31
ABMI-671-NE_2018,78,0,0,0,11,31
ABMI-671-SW_2018,78,0,0,0,11,31
ABMI-672-NE_2016,78,0,0,0,0,15
ABMI-672-NW_2016,78,0,0,0,0,15
ABMI-672-SE_2016,78,0,0,0,0,15
ABMI-672-SW_2016,78,0,0,0,0,15
ABMI-679-NE_2018,78,0,0,9,28,31
ABMI-679-SW_2018,78,0,0,9,28,31
ABMI-680-NE_2018,78,0,0,4,28,31
ABMI-680-SW_2018,78,0,0,4,28,31
ABMI-681-NE_2018,78,0,0,9,28,31
ABMI-681-SW_2018,78,0,0,9,28,31
ABMI-691-NE_2017,78,0,20,31,28,31
ABMI-691-NW_2017,78,0,20,31,28,31
ABMI-691-SE_2017,78,0,20,31,28,31
ABMI-691-SW_2017,78,0,20,31,28,31
ABMI-692-NE_2017,78,2,31,31,28,31
ABMI-692-NW_2017,78,2,31,31,28,31
ABMI-692-SE_2017,78,2,31,31,28,31
ABMI-692-SW_2017,53,2,31,31,28,31
ABMI-693-NE_2017,78,3,31,31,28,31
ABMI-693-NW_2017,78,1,31,31,28,31
ABMI-693-SE_2017,78,3,31,31,28,31
ABMI-693-SW_2017,78,1,31,31,28,31
ABMI-694-NE_2018,78,0,0,0,12,31
ABMI-694-SW_2018,78,0,0,0,12,31
ABMI-695-NE_2018,78,0,0,0,12,31
ABMI-695-SW_2018,78,0,0,0,12,31
ABMI-696-NE_2018,78,0,0,0,12,31
ABMI-696-SW_2018,78,0,0,0,12,31
ABMI-697-NE_2016,78,0,0,0,2,31
ABMI-697-NW_2016,78,0,0,0,7,31
ABMI-697-SE_2016,78,0,0,0,2,31
ABMI-697-SW_2016,78,0,0,0,2,31
ABMI-698-NE_2016,78,0,0,0,2,31
ABMI-698-NW_2016,78,0,0,0,0,31
ABMI-698-SE_2016,78,0,0,0,0,31
ABMI-698-SW_2016,78,0,0,0,0,31
ABMI-699-NE_2016,78,0,0,0,0,28
ABMI-699-NW_2016,78,0,0,0,0,28
ABMI-699-SE_2016,78,0,0,0,0,28
ABMI-699-SW_2016,78,0,0,0,0,28
ABMI-6-NE_2017,78,0,0,0,28,31
ABMI-6-NW_2017,78,0,0,0,28,31
ABMI-6-SE_2017,78,0,0,0,28,31
ABMI-6-SW_2017,78,0,0,0,28,31
ABMI-710-NE_2018,78,0,0,7,28,31
ABMI-710-SW_2018,78,0,0,7,28,31
ABMI-711-NE_2018,78,0,0,3,28,31
ABMI-711-SW_2018,78,0,0,3,28,31
ABMI-712-NE_2018,78,0,0,8,28,31
ABMI-712-SW_2018,78,0,0,8,28,31
ABMI-722-NE_2017,78,0,31,31,28,31
ABMI-722-NW_2017,78,0,31,31,28,31
ABMI-722-SE_2017,78,0,31,31,28,31
ABMI-722-SW_2017,78,0,31,31,28,31
ABMI-723-NE_2017,78,0,31,31,28,31
ABMI-723-NW_2017,78,0,31,31,28,31
ABMI-723-SE_2017,78,0,31,31,28,31
ABMI-723-SW_2017,78,0,31,31,28,31
ABMI-724-NE_2017,78,1,31,31,28,31
ABMI-724-NW_2017,78,1,31,31,28,31
ABMI-724-SE_2017,78,1,31,31,28,31
ABMI-724-SW_2017,78,1,31,31,28,31
ABMI-725-NE_2018,78,0,0,0,17,31
ABMI-726-NE_2018,78,0,0,0,10,31
ABMI-727-NE_2018,78,0,0,8,28,31
ABMI-727-SW_2018,78,0,0,8,28,31
ABMI-728-NE_2016,78,0,0,0,0,30
ABMI-728-NW_2016,78,0,0,0,0,30
ABMI-728-SE_2016,78,0,0,0,0,30
ABMI-728-SW_2016,78,0,0,0,0,30
ABMI-729-NE_2016,78,0,0,0,0,31
ABMI-729-NW_2016,78,0,0,0,0,31
ABMI-729-SE_2016,78,0,0,0,0,31
ABMI-729-SW_2016,78,0,0,0,0,31
ABMI-730-NE_2016,78,0,0,0,0,29
ABMI-730-NW_2016,78,0,0,0,0,29
ABMI-730-SE_2016,78,0,0,0,0,29
ABMI-730-SW_2016,78,0,0,0,0,29
ABMI-741-NE_2018,78,0,0,8,28,31
ABMI-741-SW_2018,78,0,0,8,28,31
ABMI-742-NE_2018,78,0,0,5,28,31
ABMI-742-SW_2018,78,0,0,5,28,31
ABMI-743-NE_2018,78,0,0,7,28,31
ABMI-743-SW_2018,78,0,0,6,28,31
ABMI-753-NE_2017,78,2,31,31,28,31
ABMI-753-NW_2017,78,0,30,31,28,31
ABMI-753-SE_2017,78,2,31,31,28,31
ABMI-753-SW_2017,78,2,31,31,28,31
ABMI-754-NE_2017,78,0,0,22,28,31
ABMI-754-NW_2017,78,0,0,22,28,31
ABMI-754-SE_2017,78,0,0,22,28,31
ABMI-754-SW_2017,78,0,0,22,28,31
ABMI-755-NE_2017,78,1,31,31,28,31
ABMI-755-NW_2017,78,1,31,31,28,31
ABMI-755-SE_2017,78,1,31,31,28,31
ABMI-755-SW_2017,78,1,31,31,28,31
ABMI-756-NE_2018,78,0,0,0,10,31
ABMI-756-SW_2018,0,0,0,0,1,0
ABMI-757-NE_2018,78,0,0,0,16,31
ABMI-757-SW_2018,78,0,0,0,16,31
ABMI-758-NE_2018,78,0,0,8,28,31
ABMI-758-SW_2018,78,0,0,8,28,31
ABMI-759-NE_2016,74,0,0,0,4,31
ABMI-759-NW_2016,78,0,0,0,4,31
ABMI-759-SE_2016,78,0,0,0,4,31
ABMI-759-SW_2016,78,0,0,0,4,31
ABMI-760-NE_2016,78,0,0,0,1,31
ABMI-760-NW_2016,78,0,0,0,1,31
ABMI-760-SE_2016,78,0,0,0,1,31
ABMI-760-SW_2016,78,0,0,0,1,31
ABMI-761-NE_2016,45,0,0,0,0,11
ABMI-761-NW_2016,78,0,0,0,0,11
ABMI-761-SE_2016,78,0,0,0,0,11
ABMI-761-SW_2016,78,0,0,0,0,11
ABMI-767-NE_2018,78,0,19,31,28,31
ABMI-767-NW_2018,78,0,19,31,28,31
ABMI-767-SE_2018,78,0,19,31,28,31
ABMI-767-SW_2018,78,0,19,31,28,31
ABMI-768-NE_2018,78,0,19,31,28,31
ABMI-768-NW_2018,78,0,19,31,28,31
ABMI-768-SE_2018,78,0,19,31,28,31
ABMI-768-SW_2018,0,0,19,9,0,0
ABMI-769-NE_2018,78,0,18,31,28,31
ABMI-769-NW_2018,78,0,18,31,28,31
ABMI-769-SE_2018,78,0,18,31,28,31
ABMI-769-SW_2018,78,0,18,31,28,31
ABMI-782-NE_2018,78,0,0,24,28,31
ABMI-782-NW_2018,78,0,0,24,28,31
ABMI-782-SE_2018,78,0,0,24,28,31
ABMI-782-SW_2018,78,0,0,24,28,31
ABMI-791-NE_2015,78,0,0,0,0,25
ABMI-791-NW_2015,78,0,0,0,0,24
ABMI-791-SE_2015,78,0,0,0,0,25
ABMI-791-SW_2015,78,0,0,0,0,24
ABMI-792-NE_2015,78,0,0,0,0,25
ABMI-792-NW_2015,78,0,0,0,0,25
ABMI-792-SE_2015,78,0,0,0,0,25
ABMI-792-SW_2015,78,0,0,0,0,25
ABMI-793-NE_2015,78,0,0,0,0,27
ABMI-793-NW_2015,78,0,0,0,0,27
ABMI-793-SE_2015,78,0,0,0,0,27
ABMI-793-SW_2015,39,0,0,0,0,27
ABMI-794-NE_2015,78,0,0,0,0,26
ABMI-794-NW_2015,78,0,0,0,0,26
ABMI-794-SE_2015,78,0,0,0,0,26
ABMI-794-SW_2015,78,0,0,0,0,26
ABMI-799-NE_2018,78,0,20,31,28,31
ABMI-799-NW_2018,78,0,20,31,28,31
ABMI-799-SE_2018,78,0,20,31,28,31
ABMI-799-SW_2018,78,0,20,31,28,31
ABMI-7-NE_2018,78,2,31,31,28,31
ABMI-7-SW_2018,78,2,31,31,28,31
ABMI-800-NE_2018,78,0,18,31,28,31
ABMI-800-NW_2018,78,0,18,31,28,31
ABMI-800-SE_2018,78,0,18,31,28,31
ABMI-800-SW_2018,78,0,18,31,28,31
ABMI-801-NE_2018,78,0,20,31,28,31
ABMI-801-NW_2018,78,0,20,31,28,31
ABMI-801-SE_2018,78,0,20,31,28,31
ABMI-801-SW_2018,0,0,20,31,2,0
ABMI-816-NE_2018,78,0,0,4,28,31
ABMI-816-NW_2018,78,0,0,4,28,31
ABMI-816-SE_2018,78,0,0,4,28,31
ABMI-816-SW_2018,78,0,0,4,28,31
ABMI-823-NE_2015,78,0,0,0,0,26
ABMI-823-NW_2015,78,0,0,0,0,26
ABMI-823-SE_2015,78,0,0,0,0,26
ABMI-823-SW_2015,73,0,0,0,0,26
ABMI-824-SE_2015,78,0,0,0,0,25
ABMI-824-SW_2015,78,0,0,0,0,25
ABMI-825-NE_2015,78,0,0,0,0,27
ABMI-825-NW_2015,78,0,0,0,0,27
ABMI-825-SE_2015,78,0,0,0,0,26
ABMI-825-SW_2015,78,0,0,0,0,26
ABMI-826-NE_2017,78,0,19,31,28,31
ABMI-826-NW_2017,78,0,19,31,28,31
ABMI-826-SE_2017,78,0,19,31,28,31
ABMI-826-SW_2017,0,0,19,31,28,13
ABMI-827-NE_2017,78,0,19,31,28,31
ABMI-827-NW_2017,78,0,19,31,28,31
ABMI-827-SE_2017,78,0,19,31,28,31
ABMI-827-SW_2017,78,0,19,31,28,31
ABMI-828-NE_2017,78,0,0,23,28,31
ABMI-828-NW_2017,78,0,0,23,28,31
ABMI-828-SE_2017,78,0,0,23,28,31
ABMI-828-SW_2017,78,0,0,23,28,31
ABMI-829-NE_2018,78,0,0,4,28,31
ABMI-829-SW_2018,78,0,0,4,28,31
ABMI-830-NE_2018,78,0,0,3,28,31
ABMI-831-NE_2018,78,0,19,31,28,31
ABMI-831-SE_2018,78,0,19,31,28,31
ABMI-831-SW_2018,78,0,19,31,28,31
ABMI-832-NE_2018,78,0,18,31,28,31
ABMI-832-NW_2018,78,0,18,31,28,31
ABMI-832-SE_2018,78,0,18,31,28,31
ABMI-832-SW_2018,78,0,18,31,28,31
ABMI-833-NE_2018,78,0,20,31,28,31
ABMI-833-NW_2018,78,0,20,31,28,31
ABMI-833-SE_2018,78,0,20,31,28,31
ABMI-833-SW_2018,78,0,20,31,28,31
ABMI-848-NE_2018,78,0,0,0,0,17
ABMI-848-NW_2018,78,0,0,0,0,17
ABMI-848-SE_2018,78,0,0,0,0,17
ABMI-848-SW_2018,78,0,0,0,0,17
ABMI-855-NE_2015,78,0,0,0,0,24
ABMI-855-NW_2015,78,0,0,0,0,26
ABMI-855-SE_2015,72,0,0,0,0,24
ABMI-855-SW_2015,78,0,0,0,0,26
ABMI-856-NE_2015,78,0,0,0,0,25
ABMI-856-NW_2015,78,0,0,0,0,25
ABMI-856-SE_2015,78,0,0,0,0,25
ABMI-856-SW_2015,78,0,0,0,0,25
ABMI-857-NE_2015,78,0,0,0,0,13
ABMI-857-NW_2015,78,0,0,0,0,13
ABMI-857-SE_2015,78,0,0,0,0,13
ABMI-857-SW_2015,78,0,0,0,0,13
ABMI-858-NE_2017,78,0,0,21,28,31
ABMI-858-NW_2017,78,0,0,21,28,31
ABMI-858-SE_2017,78,0,0,21,28,31
ABMI-858-SW_2017,78,0,0,21,28,31
ABMI-859-NE_2017,78,0,21,31,28,31
ABMI-859-NW_2017,78,0,21,31,28,31
ABMI-859-SE_2017,78,0,21,31,28,31
ABMI-859-SW_2017,78,0,21,31,28,31
ABMI-860-NE_2017,78,0,21,31,28,31
ABMI-860-NW_2017,78,0,21,31,28,31
ABMI-860-SE_2017,78,0,21,31,28,31
ABMI-860-SW_2017,78,0,21,31,28,31
ABMI-861-NE_2018,78,0,0,8,28,31
ABMI-861-SW_2018,78,0,0,1,28,31
ABMI-862-NE_2018,78,0,0,8,28,31
ABMI-862-SW_2018,78,0,0,2,28,31
ABMI-887-NE_2018,78,0,0,0,0,11
ABMI-887-SW_2018,78,0,0,0,0,11
ABMI-888-NE_2018,78,0,0,0,0,26
ABMI-888-SW_2018,78,0,0,0,0,26
ABMI-889-NE_2018,78,0,0,8,28,31
ABMI-889-SW_2018,78,0,0,8,28,31
ABMI-890-NE_2016,78,0,0,0,13,31
ABMI-890-NW_2016,48,0,0,0,13,31
ABMI-890-NW-b_2016,31,0,0,0,0,0
ABMI-890-SE_2016,68,0,0,0,13,31
ABMI-890-SW_2016,78,0,0,0,13,31
ABMI-891B-NE_2016,78,0,0,0,9,31
ABMI-891B-NW_2016,62,0,0,0,9,31
ABMI-891B-SE_2016,4,0,0,0,9,31
ABMI-891B-SW_2016,78,0,0,0,9,31
ABMI-892-NE_2016,78,0,0,0,11,31
ABMI-892-NW_2016,78,0,0,0,11,31
ABMI-892-SE_2016,78,0,0,0,10,31
ABMI-892-SW_2016,78,0,0,0,10,31
ABMI-8-NE_2018,78,3,31,31,28,31
ABMI-8-SW_2018,78,3,31,31,28,31
ABMI-905B-NE_2018,78,0,0,22,28,31
ABMI-905B-NW_2018,78,0,0,22,28,31
ABMI-905B-SE_2018,78,0,0,22,28,31
ABMI-905B-SW_2018,78,0,0,22,28,31
ABMI-91-NE_2016,78,0,0,0,0,13
ABMI-91-NW_2016,78,0,0,0,0,13
ABMI-91-SE_2016,78,0,0,0,0,13
ABMI-91-SW_2016,78,0,0,0,0,13
ABMI-920-NE_2018,78,0,0,9,28,31
ABMI-920-SW_2018,78,0,0,9,28,31
ABMI-921-NE_2018,78,0,0,0,0,25
ABMI-921-SW_2018,78,0,0,0,0,25
ABMI-922-NE_2018,78,0,0,5,28,31
ABMI-922-SW_2018,78,0,0,5,28,31
ABMI-923-NE_2016,78,0,0,0,11,31
ABMI-923-NW_2016,78,0,0,0,11,31
ABMI-923-SE_2016,78,0,0,0,11,31
ABMI-923-SW_2016,78,0,0,0,11,31
ABMI-924-NE_2016,78,0,0,0,8,31
ABMI-924-NW_2016,78,0,0,0,8,31
ABMI-924-SE_2016,78,0,0,0,8,31
ABMI-924-SW_2016,78,0,0,0,8,31
ABMI-925-NE_2016,78,0,0,0,10,31
ABMI-925-NW_2016,66,0,0,0,10,31
ABMI-925-SE_2016,78,0,0,0,10,31
ABMI-925-SW_2016,77,0,0,0,10,31
ABMI-92-NE_2016,78,0,0,0,0,14
ABMI-92-NW_2016,78,0,0,0,0,14
ABMI-92-SE_2016,78,0,0,0,0,14
ABMI-92-SW_2016,78,0,0,0,0,14
ABMI-939-NE_2018,78,0,0,23,28,31
ABMI-939-NW_2018,78,0,0,23,28,31
ABMI-939-SE_2018,78,0,0,23,28,31
ABMI-939-SW_2018,78,0,0,23,28,31
ABMI-93-NE_2016,78,0,0,0,0,14
ABMI-93-NW_2016,78,0,0,0,0,14
ABMI-93-SE_2016,78,0,0,0,0,14
ABMI-93-SW_2016,78,0,0,0,0,14
ABMI-940-NE_2018,78,0,0,24,28,31
ABMI-940-NW_2018,78,0,0,24,28,31
ABMI-940-SE_2018,78,0,0,24,28,31
ABMI-940-SW_2018,78,0,0,24,28,31
ABMI-953-NE_2018,78,0,0,9,28,31
ABMI-953-SW_2018,0,0,0,9,11,0
ABMI-954-NE_2018,78,0,0,6,28,31
ABMI-954-SW_2018,78,0,0,6,28,31
ABMI-955-NE_2018,78,0,0,6,28,31
ABMI-955-SW_2018,78,0,0,6,28,31
ABMI-956-NE_2016,78,0,0,0,12,31
ABMI-956-NW_2016,78,0,0,0,12,31
ABMI-956-SE_2016,78,0,0,0,12,31
ABMI-956-SW_2016,78,0,0,0,12,31
ABMI-957-NE_2016,78,0,0,0,12,31
ABMI-957-NW_2016,78,0,0,0,12,31
ABMI-957-SE_2016,65,0,0,0,12,31
ABMI-957-SW_2016,78,0,0,0,12,31
ABMI-958-NE_2016,78,0,0,0,8,31
ABMI-958-NW_2016,78,0,0,0,9,31
ABMI-958-SE_2016,78,0,0,0,8,31
ABMI-958-SW_2016,78,0,0,0,9,31
ABMI-989-NE_2015,78,0,0,0,5,31
ABMI-989-NE-b_2015,16,0,0,0,0,0
ABMI-989-NW_2015,78,0,0,0,5,31
ABMI-989-SE_2015,51,0,0,0,5,31
ABMI-989-SE-b_2015,16,0,0,0,0,0
ABMI-989-SW_2015,78,0,0,0,5,31
ABMI-990-NE_2015,78,0,0,0,5,31
ABMI-990-NE-b_2015,52,0,0,0,0,0
ABMI-990-NW_2015,78,0,0,0,5,31
ABMI-990-SW_2015,78,0,0,0,5,31
ABMI-991-NE_2015,78,0,0,0,6,31
ABMI-991-NW_2015,78,0,0,0,6,31
ABMI-991-SE_2015,78,0,0,0,6,31
ABMI-991-SW_2015,78,0,0,0,6,31
ABMI-992-NE_2017,78,0,0,0,14,31
ABMI-992-NW_2017,0,0,0,0,15,30
ABMI-992-SE_2017,78,0,0,0,14,31
ABMI-992-SW_2017,78,0,0,0,15,31
ABMI-993-NE_2017,78,0,0,0,14,31
ABMI-993-NW_2017,78,0,0,0,14,31
ABMI-993-SE_2017,78,0,0,0,14,31
ABMI-993-SW_2017,78,0,0,0,14,31
ABMI-994-NE_2017,78,0,0,0,13,31
ABMI-994-NW_2017,78,0,0,0,13,31
ABMI-994-SE_2017,78,0,0,0,13,31
ABMI-994-SW_2017,78,0,0,0,13,31
ABMI-W1281-CCL_2018,78,0,0,0,3,31
ABMI-W1282-CCL_2018,78,0,0,0,3,31
ABMI-W1283-CCL_2018,78,0,0,0,3,31
ABMI-W1309-CCL_2018,78,0,0,0,3,31
ABMI-W1310-CCL_2018,78,0,0,0,3,31
ABMI-W1311-CCL_2018,77,0,0,0,3,31
ABMI-W1338-CCL_2018,78,0,0,0,4,31
ABMI-W1339-CCL_2018,78,0,0,0,4,31
ABMI-W1340-CCL_2018,21,0,0,0,4,31
ABMI-W1360-CCL_2018,47,0,0,0,9,31
ABMI-W1361-CCL_2018,78,0,0,0,9,31
ABMI-W1384-CCL_2018,49,0,0,0,8,31
ABMI-W1385-CCL_2018,78,0,0,0,9,31
ABMI-W1408-CCL_2018,78,0,0,0,8,31
ABMI-W1410-CCL_2018,78,0,0,0,8,31
ABMI-W1431-CL_2018,66,0,0,0,10,31
ABMI-W1432-CCL_2018,78,0,0,0,10,31
ABMI-W1433-CCL_2018,27,0,0,0,10,31
ABMI-W1440-CL_2018,78,0,0,0,9,31
ABMI-W1441-CCL_2018,78,0,0,0,8,31
ABMI-W1442-CCL_2018,78,0,0,0,7,31
ABMI-W1453-CCL_2018,78,0,0,0,10,31
ABMI-W1455-CL_2018,22,0,0,0,0,5
ABMI-W1462-CL_2018,16,0,0,0,6,31
ABMI-W1463-CCL_2018,78,0,0,0,4,31
ABMI-W1464-CL_2018,73,0,0,0,5,31
ABMI-W1474-CCL_2018,78,0,0,0,0,5
ABMI-W1497-CL_2018,78,0,0,0,12,31
ABMI-W1498-CCL_2018,78,0,0,0,11,31
ABMI-W1499-CCL_2018,23,0,0,0,11,31
ABMI-W1516-CCL_2018,78,0,0,0,12,31
ABMI-W1517-CL_2018,18,0,0,0,12,31
ABMI-W1535-CCL_2018,59,0,0,0,13,31
ABMI-W1536-CCL_2018,78,0,0,0,13,31
ABMI-W1537-CCL_2018,78,0,0,0,12,31
ABMI-W1562-CL_2018,78,0,0,0,8,31
ABMI-W1579-CL_2018,78,0,0,0,6,31
ABMI-W1580-CL_2018,70,0,0,0,9,31
ABMI-W1597-CCL_2018,27,0,0,0,7,31
ABMI-W1607-CL_2018,78,0,0,0,13,31
ABMI-W1608-CL_2018,78,0,0,0,14,31
ABMI-W1609-CL_2018,58,0,0,0,15,31
ABMI-W1624-CCL_2018,78,0,0,0,15,31
ABMI-W1625-CCL_2018,75,0,0,0,14,31
ABMI-W1626-CCL_2018,12,0,0,0,14,31
ABMI-W1641-CCL_2018,78,0,0,0,16,31
ABMI-W1642-CL_2018,78,0,0,0,15,31
ABMI-W1643-CCL_2018,10,0,0,0,15,31
ABMI-W19-CCL_2018,78,3,31,31,28,31
ABMI-W20-CL_2018,78,3,31,31,28,31
ABMI-W213-CL_2018,78,1,31,31,28,31
ABMI-W237-CCL_2018,78,1,31,31,28,31
ABMI-W238-CL_2018,78,1,31,31,28,31
ABMI-W239-CCL_2018,78,1,31,31,28,31
ABMI-W267-CCL_2018,78,1,31,31,28,31
ABMI-W268-CL_2018,78,0,30,31,28,31
ABMI-W269-CL_2018,28,0,29,31,28,31
ABMI-W297-CL_2018,37,0,30,31,28,31
ABMI-W298-CCL_2018,78,4,31,31,28,31
ABMI-W299-CCL_2018,78,4,31,31,28,31
ABMI-W38-CCL_2018,42,2,31,31,28,31
ABMI-W39-CL_2018,78,2,31,31,28,31
ABMI-W418-CL_2018,49,0,0,23,28,31
ABMI-W419-CL_2018,78,0,0,23,28,31
ABMI-W420-CL_2018,78,0,0,22,28,31
ABMI-W449-CL_2018,78,0,0,22,28,31
ABMI-W450-CL_2018,78,0,0,22,28,31
ABMI-W478-CCL_2018,22,0,0,20,28,31
ABMI-W479-CL_2018,78,0,0,0,15,31
ABMI-W605-CL_2018,78,0,0,4,28,31
ABMI-W606-CCL_2018,15,0,0,0,11,31
ABMI-W607-CCL_2018,78,0,0,3,28,31
ABMI-W637-CCL_2018,0,0,0,5,28,22
ABMI-W638-CL_2018,78,0,0,4,28,31
ABMI-W639-CL_2018,78,0,0,0,11,31
ABMI-W669-CCL_2018,78,0,0,0,11,31
ABMI-W670-CCL_2018,78,0,0,0,11,31
ABMI-W671-CCL_2018,78,0,0,0,11,31
ABMI-W679-CCL_2018,23,0,0,9,28,31
ABMI-W680-CL_2018,52,0,0,4,28,31
ABMI-W681-CCL_2018,25,0,0,9,28,31
ABMI-W694-CL_2018,78,0,0,0,12,31
ABMI-W695-CL_2018,33,0,0,0,12,31
ABMI-W696-CL_2018,23,0,0,7,28,31
ABMI-W710-CCL_2018,35,0,0,7,28,31
ABMI-W711-CCL_2018,78,0,0,6,28,31
ABMI-W712-CCL_2018,78,0,0,8,28,31
ABMI-W725-CCL_2018,78,0,0,0,17,31
ABMI-W726-CCL_2018,78,0,0,0,12,31
ABMI-W727-CL_2018,78,0,0,7,28,31
ABMI-W741-CCL_2018,78,0,0,6,28,31
ABMI-W742-CL_2018,48,0,0,5,28,31
ABMI-W743-CCL_2018,78,0,0,6,28,31
ABMI-W756-CCL_2018,78,0,0,0,10,31
ABMI-W757-CCL_2018,48,0,0,0,16,31
ABMI-W758-CL_2018,78,0,0,9,28,31
ABMI-W7-CCL_2018,78,2,31,31,28,31
ABMI-W829-CCL_2018,22,0,0,4,28,31
ABMI-W861-CCL_2018,26,0,0,2,28,31
ABMI-W862-CL_2018,27,0,0,3,28,31
ABMI-W887-CCL_2018,28,0,0,0,0,11
ABMI-W888-CCL_2018,21,0,0,0,0,26
ABMI-W889-CCL_2018,68,0,0,8,28,31
ABMI-W8-CCL_2018,78,3,31,31,28,31
ABMI-W920-CCL_2018,78,0,0,9,28,31
ABMI-W921-CCL_2018,20,0,0,0,0,25
ABMI-W922-CCL_2018,31,0,0,5,28,31
ABMI-W953-CCL_2018,34,0,0,10,28,31
ABMI-W954-CL_2018,24,0,0,5,28,31
ABMI-W955-CCL_2018,78,0,0,7,28,31
CAL100_2017,53,0,0,0,0,20
CAL100_2018,78,30,31,25,26,31
CAL76_2017,78,0,0,0,0,2
CAL76_2018,78,30,31,23,27,31
CAL77_2017,78,0,0,0,0,1
CAL77_2018,78,30,31,26,28,31
CAL78_2017,78,30,31,30,0,1
CAL78_2018,78,30,31,26,28,31
CAL79_2017,78,30,26,0,0,21
CAL79_2018,78,30,31,28,28,31
CAL80_2017,78,30,31,31,2,2
CAL80_2018,78,30,31,23,27,31
CAL81_2017,78,30,31,31,1,2
CAL82_2017,11,0,0,0,0,0
CAL82_2018,78,30,31,29,28,31
CAL83_2017,0,0,0,0,0,3
CAL83_2018,78,27,31,27,28,31
CAL84_2017,78,30,22,0,0,22
CAL84_2018,78,30,31,28,25,31
CAL85_2017,78,30,31,30,0,2
CAL85_2018,78,30,31,27,28,31
CAL86_2017,78,0,0,0,0,20
CAL86_2018,78,30,31,25,26,31
CAL87_2017,78,30,24,0,0,21
CAL87_2018,78,30,31,27,28,31
CAL88_2017,78,30,27,0,0,21
CAL88_2018,78,30,31,28,28,31
CAL89_2017,78,30,7,0,0,2
CAL89_2018,78,30,31,23,27,31
CAL90_2017,78,26,0,0,0,21
CAL90_2018,78,30,31,27,28,31
CAL91_2017,78,30,25,0,0,21
CAL91_2018,78,30,31,27,28,31
CAL92_2017,78,30,27,0,0,20
CAL92_2018,78,30,31,27,26,31
CAL93_2017,78,30,31,31,2,2
CAL93_2018,78,30,31,23,27,31
CAL94_2017,78,30,24,0,0,2
CAL95_2017,78,30,31,29,0,22
CAL95_2018,0,0,0,0,25,1
CAL96_2018,0,0,0,1,28,26
CAL97_2017,78,30,31,30,0,20
CAL97_2018,61,0,0,2,28,31
CAL98_2017,78,30,23,0,0,20
CAL98_2018,78,30,31,25,26,31
CAL99_2018,0,0,0,2,18,0
CHR101_2017,78,30,31,6,0,25
CHR101_2018,78,0,0,26,28,31
CHR102_2017,78,30,31,9,0,23
CHR102_2018,78,0,0,23,28,31
CHR103_2017,78,30,31,7,0,24
CHR103_2018,78,0,0,25,28,31
CHR104_2017,78,30,31,7,0,23
CHR104_2018,78,0,0,25,28,31
CHR105_2017,56,0,0,0,0,26
CHR105_2018,0,0,0,2,0,0
CHR106_2017,78,30,31,6,0,25
CHR106_2018,78,0,0,26,28,31
CHR107_2017,78,30,31,5,0,25
CHR107_2018,0,0,0,27,28,30
CHR108_2017,78,30,31,7,0,25
CHR108_2018,78,0,0,25,28,31
CHR109_2017,78,6,0,0,0,26
CHR109_2018,78,0,0,26,28,31
CHR110_2017,54,0,0,0,0,23
CHR110_2018,0,0,0,1,0,0
CHR111_2017,78,30,31,8,0,24
CHR111_2018,78,0,0,24,28,31
CHR112_2017,78,30,31,6,0,26
CHR112_2018,78,0,0,26,28,31
CHR113_2017,78,0,0,0,0,25
CHR113_2018,78,0,0,25,28,31
CHR114_2017,78,30,31,9,0,23
CHR114_2018,78,0,0,23,28,31
CHR115_2017,78,30,31,5,0,25
CHR115_2018,78,0,0,27,28,31
CHR116_2017,78,30,31,6,0,26
CHR116_2018,78,0,0,26,28,31
CHR117_2017,78,30,31,9,0,24
CHR117_2018,78,0,0,23,28,31
CHR118_2017,78,30,31,8,0,23
CHR118_2018,78,0,0,24,28,31
CHR119_2017,43,0,0,0,0,23
CHR119_2018,0,0,0,22,11,0
CHR120_2017,78,30,31,5,0,26
CHR120_2018,78,0,0,27,28,31
CHR121_2017,78,25,0,0,0,25
CHR121_2018,78,0,0,27,28,31
CHR122_2017,78,0,0,0,0,24
CHR122_2018,78,0,0,24,28,31
CHR123_2017,78,30,31,10,0,24
CHR123_2018,78,0,0,22,28,31
CHR124_2017,78,30,19,0,0,24
CHR124_2018,78,0,0,25,28,31
DEW1_2018,21,26,31,31,28,31
DEW10_2018,78,30,31,31,28,31
DEW12_2018,78,30,31,31,28,31
DEW13_2018,78,30,31,31,28,31
DEW14_2018,78,30,31,31,28,31
DEW15_2018,78,30,31,31,28,31
DEW16_2018,78,30,31,31,28,31
DEW17_2018,78,30,31,31,28,31
DEW18_2018,0,0,0,0,0,0
DEW19_2018,78,30,31,31,28,31
DEW2_2018,0,0,0,0,0,0
DEW20_2018,78,30,31,31,28,31
DEW21_2018,0,0,3,2,0,0
DEW22_2018,0,0,0,0,0,0
DEW23_2018,72,30,31,31,28,31
DEW24_2018,78,30,31,31,28,31
DEW25_2018,78,30,31,31,28,31
DEW3_2018,78,30,31,31,28,31
DEW4_2018,78,30,31,31,28,31
DEW5_2018,78,30,31,31,28,31
DEW6_2018,37,30,31,31,28,31
DEW7_2018,78,30,31,31,28,31
DEW9_2018,78,30,31,31,28,31
FMM1_2017,78,30,31,2,2,31
FMM1_2018,78,30,31,56,50,31
FMM10_2017,78,30,7,0,4,31
FMM10_2018,78,30,31,48,49,31
FMM11_2017,78,30,17,0,2,31
FMM11_2018,78,0,0,25,28,31
FMM12_2017,68,0,0,0,2,31
FMM12_2018,78,30,31,54,49,31
FMM13_2017,78,30,31,5,5,31
FMM13_2018,61,30,31,58,52,31
FMM14_2017,78,0,0,0,2,31
FMM14_2018,78,30,31,56,49,31
FMM15_2017,78,30,31,5,3,31
FMM15_2018,78,30,31,58,53,31
FMM16_2017,78,30,31,9,4,31
FMM16_2018,78,30,31,47,49,31
FMM17_2017,78,0,0,0,4,31
FMM17_2018,78,30,31,41,28,31
FMM18_2017,78,0,0,0,2,31
FMM18_2018,78,30,31,55,50,31
FMM19_2017,78,30,31,8,2,31
FMM19_2018,78,30,31,55,51,31
FMM2_2017,78,30,31,8,1,31
FMM2_2018,78,30,29,24,28,31
FMM20_2017,78,30,31,16,4,31
FMM20_2018,78,30,31,47,49,31
FMM21_2017,78,30,31,6,4,31
FMM21_2018,78,30,31,57,53,31
FMM22_2017,0,0,0,0,3,0
FMM22_2018,78,30,31,57,52,31
FMM23_2017,78,30,27,0,1,31
FMM23_2018,78,30,31,59,50,31
FMM24_2017,78,11,0,0,1,31
FMM24_2018,78,30,31,54,49,31
FMM25_2017,78,11,0,0,2,31
FMM25_2018,78,30,31,54,50,31
FMM3_2017,78,30,18,0,4,31
FMM3_2018,78,30,31,57,49,31
FMM4_2017,78,30,31,5,1,31
FMM4_2018,0,0,0,2,0,0
FMM5_2017,78,30,2,0,5,31
FMM5_2018,78,30,31,58,52,31
FMM6_2017,78,30,31,5,4,31
FMM6_2018,78,30,31,58,52,31
FMM7_2017,78,30,12,0,27,31
FMM7_2018,78,30,51,62,29,31
FMM8_2017,37,0,0,0,2,31
FMM8_2018,78,30,31,56,51,31
FMM9_2017,78,0,0,0,2,31
FMM9_2018,78,30,31,56,51,31
LID1_2018,65,30,31,31,28,1
LID10_2018,65,0,0,0,0,0
LID11_2018,65,30,31,31,28,2
LID12_2018,66,30,31,31,28,2
LID13_2018,66,30,31,31,28,1
LID14_2018,66,30,31,31,28,1
LID15_2018,1,0,0,0,0,0
LID17_2018,13,0,0,0,0,0
LID18_2018,66,30,31,31,28,2
LID19_2018,66,30,31,31,28,2
LID20_2018,66,30,31,31,28,1
LID21_2018,65,0,0,0,0,0
LID22_2018,65,30,31,31,28,3
LID23_2018,66,30,31,31,28,2
LID25_2018,66,30,31,31,28,2
LID4_2018,66,30,31,22,0,0
LID5_2018,66,30,31,31,28,2
LID6_2018,65,30,31,31,28,2
LID7_2018,66,30,31,31,28,2
LID8_2018,67,0,0,0,0,0
LID9_2018,65,30,31,31,28,1
LLB126_2017,78,0,0,0,8,31
LLB126_2018,78,60,62,43,28,31
LLB127_2017,78,0,0,0,0,31
LLB127_2018,0,30,31,16,0,0
LLB128_2017,30,0,0,0,0,31
LLB128_2018,49,60,62,46,28,31
LLB129_2017,78,0,0,0,7,31
LLB129_2018,78,60,62,43,28,31
LLB130_2017,78,0,0,0,7,31
LLB130_2018,78,60,62,45,28,31
LLB131_2017,78,0,0,0,0,27
LLB131_2018,78,60,62,44,28,31
LLB132_2017,78,0,0,0,6,31
LLB132_2018,78,60,62,43,28,31
LLB133_2017,78,0,0,0,0,27
LLB133_2018,78,60,62,47,28,31
LLB134_2017,78,0,0,0,7,31
LLB134_2018,78,60,62,45,28,31
LLB135_2017,78,0,0,0,0,27
LLB135_2018,78,60,62,46,28,31
LLB136_2017,78,0,0,0,0,31
LLB136_2018,78,60,62,44,28,31
LLB137_2017,78,0,0,0,7,31
LLB137_2018,78,60,62,42,28,31
LLB138_2017,78,0,0,0,0,27
LLB138_2018,78,60,62,44,28,31
LLB139_2017,78,0,0,0,8,31
LLB139_2018,78,60,62,43,28,31
LLB140_2017,78,0,0,0,7,31
LLB140_2018,78,60,62,45,28,31
LLB141_2017,78,0,0,0,0,31
LLB141_2018,78,60,62,46,28,31
LLB142_2017,32,0,0,0,6,31
LLB142_2018,31,60,62,47,28,31
LLB143_2017,78,0,0,0,0,27
LLB143_2018,78,60,62,46,28,31
LLB144_2017,78,0,0,0,6,31
LLB144_2018,0,60,57,16,0,0
LLB145_2017,78,0,0,0,6,31
LLB145_2018,63,60,62,44,28,31
LLB146_2017,0,0,0,0,0,2
LLB146_2018,78,40,31,31,28,31
LLB147_2017,78,0,0,0,6,31
LLB147_2018,78,60,62,46,28,31
LLB148_2017,35,0,0,0,6,31
LLB148_2018,78,60,62,46,28,31
LLB149_2017,78,0,0,0,8,31
LLB149_2018,78,60,62,42,28,31
LLB150_2017,78,0,0,0,8,31
LLB150_2018,78,60,62,42,28,31
LRN51_2018,78,0,0,12,28,31
LRN52_2018,78,30,31,42,42,31
LRN53_2018,78,30,25,11,28,31
LRN54_2018,0,30,31,40,38,5
LRN55_2018,78,30,31,45,42,31
LRN56_2018,0,30,31,31,12,0
LRN57_2018,78,30,31,41,40,31
LRN58_2018,78,30,31,43,40,31
LRN59_2018,78,30,31,45,42,31
LRN60_2018,0,30,31,37,9,0
LRN61_2018,39,30,31,42,41,31
LRN62_2018,78,30,31,33,28,31
LRN63_2018,78,30,31,41,38,31
LRN64_2018,78,30,31,44,39,31
LRN65_2018,78,30,31,43,38,31
LRN66_2018,78,30,31,34,28,31
LRN67_2018,78,30,31,45,41,31
LRN68_2018,78,30,31,43,40,31
LRN69_2018,78,30,31,42,37,31
LRN70_2018,78,30,31,41,37,31
LRN71_2018,78,30,31,44,39,31
LRN72_2018,78,30,31,43,40,31
LRN73_2018,78,30,31,44,39,31
LRN74_2018,33,30,31,45,41,31
LRN75_2018,78,6,0,13,28,31
MAC26_2017,78,30,31,31,7,12
MAC26_2018,78,30,31,27,22,31
MAC27_2017,78,30,31,31,0,11
MAC27_2018,78,30,31,29,28,31
MAC28_2017,78,30,31,31,2,13
MAC28_2018,57,0,0,0,27,31
MAC29_2017,78,0,0,0,0,13
MAC29_2018,76,0,0,0,26,31
MAC30_2017,78,0,0,0,0,12
MAC30_2018,78,30,31,31,24,31
MAC31_2017,78,30,31,31,8,12
MAC31_2018,78,30,31,27,21,31
MAC32_2017,78,30,31,31,2,15
MAC32_2018,78,30,31,25,27,31
MAC33_2017,78,30,31,31,6,14
MAC33_2018,78,30,31,30,23,31
MAC34_2017,78,30,31,31,0,13
MAC34_2018,78,30,31,30,28,31
MAC35_2017,78,30,31,30,0,14
MAC35_2018,78,30,31,27,28,31
MAC36_2017,78,30,31,31,5,12
MAC36_2018,78,30,31,31,24,31
MAC37_2017,78,30,31,31,1,13
MAC37_2018,78,0,0,0,28,31
MAC38_2017,78,30,31,31,3,13
MAC38_2018,78,30,31,26,26,31
MAC39_2017,78,30,31,31,7,14
MAC39_2018,31,0,0,0,22,31
MAC40_2017,78,30,31,31,4,14
MAC40_2018,78,30,31,28,25,31
MAC41_2017,78,30,31,31,0,15
MAC41_2018,0,0,0,1,0,0
MAC42_2017,78,30,31,31,6,14
MAC42_2018,78,0,0,0,23,31
MAC43_2017,78,30,31,31,3,13
MAC43_2018,78,0,0,0,26,31
MAC44_2017,78,30,31,31,1,11
MAC44_2018,78,30,31,31,28,31
MAC45_2017,78,30,31,31,8,12
MAC45_2018,78,30,31,27,21,31
MAC46_2017,78,30,31,30,0,14
MAC46_2018,78,30,31,32,28,31
MAC47_2017,78,30,31,31,4,13
MAC47_2018,68,0,0,0,25,31
MAC48_2017,78,30,31,31,7,14
MAC48_2018,78,30,31,25,22,31
MAC49_2017,78,30,31,31,4,13
MAC49_2018,78,0,0,0,25,31
MAC50_2017,78,30,31,31,5,12
MAC50_2018,78,30,31,29,24,31
MCC26_2018,78,30,31,38,39,31
MCC27_2018,78,30,31,46,37,31
MCC28_2018,78,30,31,47,42,31
MCC29_2018,78,30,31,44,39,31
MCC30_2018,78,30,31,44,39,31
MCC31_2018,78,30,31,38,43,31
MCC32_2018,43,30,31,45,41,31
MCC33_2018,78,30,31,45,40,31
MCC34_2018,78,0,0,7,28,31
MCC35_2018,78,30,31,45,41,31
MCC36_2018,78,30,31,40,42,31
MCC37_2018,78,30,31,47,43,31
MCC38_2018,78,0,0,15,28,31
MCC39_2018,78,30,31,47,38,31
MCC40_2018,78,30,31,47,39,31
MCC42_2018,78,0,0,13,28,31
MCC43_2018,78,0,0,15,28,31
MCC44_2018,78,0,0,9,28,31
MCC45_2018,78,30,31,39,41,31
MCC46_2018,78,30,31,39,43,31
MCC47_2018,78,30,31,39,40,31
MCC48_2018,78,30,31,40,42,31
MCC49_2018,78,30,31,17,28,31
MCC50_2018,78,30,31,44,38,31
WAB51_2017,78,30,31,31,11,5
WAB51_2018,40,0,0,0,18,31
WAB52_2017,78,30,31,31,10,19
WAB52_2018,78,30,31,13,19,31
WAB53_2018,78,0,0,0,19,31
WAB54_2017,78,30,31,31,10,4
WAB54_2018,78,30,31,13,19,31
WAB55_2017,78,0,0,0,0,19
WAB55_2018,52,0,0,0,19,31
WAB56_2017,78,30,31,26,0,18
WAB56_2018,78,30,31,14,18,31
WAB57_2017,78,0,0,0,0,18
WAB57_2018,78,30,31,14,17,31
WAB58_2017,78,30,31,31,12,6
WAB58_2018,78,30,31,12,16,31
WAB59_2017,78,0,0,0,0,18
WAB59_2018,78,30,29,10,19,31
WAB60_2017,78,30,31,10,0,18
WAB60_2018,78,30,31,10,19,31
WAB61_2018,44,0,0,0,19,31
WAB62_2017,78,30,31,31,9,18
WAB62_2018,78,0,0,0,18,31
WAB63_2017,78,30,31,31,11,4
WAB63_2018,0,0,0,0,5,0
WAB64_2017,78,0,0,0,0,5
WAB64_2018,78,30,31,11,18,31
WAB65_2017,78,30,31,31,11,5
WAB65_2018,78,30,31,11,18,31
WAB66_2017,78,30,18,0,0,5
WAB66_2018,78,30,31,11,17,31
WAB67_2017,78,30,7,0,0,3
WAB67_2018,78,30,31,13,17,31
WAB68_2017,78,30,31,31,12,3
WAB69_2017,78,30,18,0,0,4
WAB69_2018,78,30,31,12,19,31
WAB70_2017,78,30,17,0,0,19
WAB70_2018,78,30,31,13,19,31
WAB71_2017,78,30,31,31,11,4
WAB71_2018,78,30,31,14,18,31
WAB72_2017,78,2,0,0,0,4
WAB72_2018,78,0,0,0,18,31
WAB73_2017,2,0,0,0,0,5
WAB73_2018,4,0,0,0,19,31
WAB74_2017,78,0,0,0,0,3
WAB74_2018,78,30,31,12,19,31
WAB75_2017,0,0,0,0,0,1
WAB75_2018,78,30,31,10,18,31
